IP,端口,速度(Mbps),TCP延迟(ms),TLS延迟(ms),cf-meta-ip,机房
89.191.226.26,443,50.1,144.94,280.05,89.191.226.26,AMS
23.138.44.19,443,48.38,152.07,141.26,67.220.80.4,AMS
94.131.11.4,8443,47.62,166.48,152.8,94.131.11.4,AMS
23.138.44.102,443,46.29,197.29,145.15,186.190.213.117,AMS
109.120.158.149,443,45.7,142.63,165.59,109.120.158.149,AMS
103.251.165.157,443,45.3,135.52,165.33,2a04:52c0:135:fabc::1,AMS
152.53.200.200,8443,43.61,191.12,190.85,152.53.200.200,AMS
94.131.11.4,443,43.6,160.52,188.94,94.131.11.4,AMS
152.53.200.241,443,43.11,150.53,174.63,152.53.200.241,AMS
146.0.76.189,443,42.69,148.18,171.25,2a09:bac5:4e23:270f::3e4:52,AMS
89.110.111.59,443,42.1,140.08,163.4,89.110.111.59,AMS
152.53.200.200,443,41.69,195.93,179.17,152.53.200.200,AMS
146.103.98.102,443,40.46,135.13,145.27,146.103.98.102,AMS
23.168.72.101,443,40.17,147.7,153.32,67.220.80.28,AMS
147.45.171.252,443,38.5,136.76,227.44,147.45.171.252,AMS
91.84.106.123,443,38.01,153.57,173.48,91.84.106.123,AMS
91.84.106.123,8443,37.04,158.3,212.44,91.84.106.123,AMS
163.5.207.235,443,36.18,138.15,164.67,163.5.207.235,AMS
152.53.200.241,8443,35.53,146.58,205.9,152.53.200.241,AMS
167.71.5.29,443,34.55,162.61,159.26,167.71.5.29,AMS
147.45.224.157,443,33.7,140.27,224.36,147.45.224.157,AMS
103.137.248.227,443,32.9,154.7,205.51,103.137.248.227,AMS
103.45.247.67,443,32.71,210.76,219.09,103.45.247.67,AMS
103.7.54.77,8443,31.05,156.49,180.99,103.7.54.77,AMS
109.172.93.20,443,30.31,143.1,158.69,109.172.93.20,AMS
186.190.213.232,443,30.28,174.03,181.21,186.190.213.80,AMS
185.130.225.218,8443,29.72,143.88,148.66,185.130.225.218,AMS
72.56.71.235,443,29.71,146.32,214.59,72.56.71.235,AMS
185.130.225.218,443,29.69,145.76,154.04,185.130.225.218,AMS
146.103.109.42,443,29.47,138.5,143.52,146.103.109.42,AMS
212.34.148.210,443,28.86,145.82,164.37,212.34.148.210,AMS
151.244.93.4,443,28.42,143.97,238.8,67.220.80.230,AMS
146.103.114.134,443,27.74,148.64,152.36,146.103.114.134,AMS
109.107.167.104,443,27.17,131.98,147.32,109.107.167.104,AMS
193.123.59.103,443,26.89,159.05,182.77,193.123.59.103,AMS
146.0.79.124,443,26.71,143.57,149.63,146.0.79.124,AMS
78.40.197.85,443,26.31,137.42,141.26,78.40.197.85,AMS
103.7.54.77,443,26.28,167.4,176.96,103.7.54.77,AMS
195.133.41.93,443,26.11,152.81,264.69,195.133.41.93,AMS
138.124.3.59,443,26.03,143.06,148.75,138.124.3.59,AMS
217.18.60.228,443,25.84,171.73,278.97,217.18.60.228,AMS
185.73.222.95,443,25.48,175.69,222.87,185.73.222.95,AMS
188.166.79.180,443,24.94,140.09,150.73,188.166.79.180,AMS
23.137.188.72,443,24.82,165.21,158.06,186.190.213.188,AMS
194.58.40.193,443,24.7,135.78,148.35,194.58.40.193,AMS
134.209.136.197,443,24.39,179.5,151.8,64.225.77.36,AMS
72.56.73.105,443,24.36,131.25,144.78,72.56.73.105,AMS
103.90.73.117,443,24.32,139.72,154.95,103.90.73.117,AMS
37.1.202.71,443,24.26,141.5,163.04,37.1.202.71,AMS
91.84.107.137,443,24.24,137.22,144.56,91.84.107.137,AMS
5.129.245.158,443,24.1,177.72,300.87,5.129.245.158,AMS
23.138.44.92,443,24.07,142.12,148.95,186.190.213.251,AMS
194.87.243.86,443,23.85,139.42,282.46,194.87.243.86,AMS
46.226.165.169,443,23.37,166.24,277.47,46.226.165.169,AMS
152.53.200.124,8443,22.69,147.06,169.49,152.53.200.124,AMS
91.201.112.113,443,22.61,147.93,164.78,91.201.112.113,AMS
5.44.46.142,443,21.98,142.42,232.86,5.44.46.142,AMS
45.151.69.77,443,21.85,137.69,153.15,45.151.69.77,AMS
146.0.79.33,443,21.71,139.41,140.97,146.0.79.33,AMS
91.84.97.63,8443,21.7,141.12,144.02,91.84.97.63,AMS
72.56.96.230,443,21.39,133.02,179.51,72.56.96.230,AMS
103.97.88.133,8443,21.23,147.5,191.1,103.97.88.133,AMS
194.164.33.45,443,21.16,135.67,150.71,194.164.33.45,AMS
147.45.136.100,443,20.93,141.17,225.21,147.45.136.100,AMS
193.38.235.248,443,20.8,137.51,146.19,193.38.235.248,AMS
72.56.70.73,443,20.78,141.38,152.68,72.56.70.73,AMS
31.130.129.33,443,20.66,145.94,185.16,31.130.129.33,AMS
91.84.107.137,8443,20.52,143.08,171.62,91.84.107.137,AMS
152.53.200.105,8443,20.5,142.19,156.95,152.53.200.105,AMS
146.0.79.109,443,20.41,132.75,141.67,146.0.79.109,AMS
193.109.69.48,443,20.18,143.0,145.07,193.109.69.48,AMS
147.45.225.134,443,20.17,134.85,221.9,147.45.225.134,AMS
23.168.72.91,443,20.09,138.93,145.09,67.220.80.240,AMS
109.120.142.21,443,20.07,129.9,139.24,109.120.142.21,AMS
91.84.103.109,8443,20.02,129.74,139.42,91.84.103.109,AMS
151.244.93.24,443,20.0,137.63,154.62,67.220.80.36,AMS
91.84.97.63,443,19.88,135.19,146.67,91.84.97.63,AMS
91.84.101.56,443,19.49,143.63,179.54,91.84.101.56,AMS
109.107.164.240,443,19.08,156.12,192.06,109.107.164.240,AMS
103.7.54.176,443,18.65,161.42,176.79,103.7.54.176,AMS
143.47.183.211,443,18.65,134.3,149.18,143.47.183.211,AMS
103.7.54.214,443,18.49,149.22,164.57,2a09:bac5:4e23:2719::3e5:6,AMS
45.89.196.226,443,18.4,141.37,145.74,45.89.196.226,AMS
152.53.200.124,443,18.31,151.0,156.72,152.53.200.124,AMS
77.246.101.195,443,18.03,163.7,150.31,77.246.101.195,AMS
103.54.16.25,443,17.98,139.4,150.46,103.54.16.25,AMS
5.129.216.14,443,17.87,135.12,138.63,5.129.216.14,AMS
23.168.72.74,443,17.69,146.81,155.3,67.220.80.24,AMS
146.103.104.29,443,17.57,142.64,164.18,146.103.104.29,AMS
109.248.162.188,443,17.48,153.8,204.06,109.248.162.188,AMS
186.190.213.251,443,17.14,144.59,168.99,186.190.213.251,AMS
152.53.200.105,443,17.05,140.74,160.37,152.53.200.105,AMS
94.139.251.11,443,16.93,243.59,280.54,186.190.213.82,AMS
67.220.80.108,443,16.78,147.04,171.61,67.220.80.108,AMS
77.110.111.130,443,16.78,139.05,151.45,77.110.111.130,AMS
185.245.106.179,8443,16.73,136.78,143.99,185.245.106.179,AMS
151.244.93.91,443,16.7,147.14,146.16,23.168.72.122,AMS
91.84.101.56,8443,16.63,148.85,146.67,91.84.101.56,AMS
37.220.83.176,443,16.55,146.41,240.25,37.220.83.176,AMS
109.107.184.253,443,16.45,136.82,152.85,2a14:1e00:1:471::,AMS
104.194.134.5,443,16.38,138.0,155.77,104.194.134.5,AMS
138.124.2.102,443,16.37,144.25,168.34,138.124.2.102,AMS
185.245.106.179,443,16.21,140.37,146.49,185.245.106.179,AMS
5.144.176.135,443,16.12,141.69,155.56,5.144.176.135,AMS
91.84.103.45,443,16.06,135.66,143.52,91.84.103.45,AMS
103.90.72.71,443,15.54,152.24,147.71,103.90.72.71,AMS
193.124.203.126,443,15.1,137.81,152.21,193.124.203.126,AMS
94.103.95.115,443,15.07,141.81,149.79,94.103.95.115,AMS
91.84.103.45,8443,14.93,140.39,146.27,91.84.103.45,AMS
2.59.183.114,443,14.23,159.14,177.56,2.59.183.114,AMS
151.244.93.9,443,14.17,149.44,153.35,67.220.80.246,AMS
194.85.249.105,443,14.15,152.08,161.38,194.85.249.105,AMS
146.103.113.158,443,14.02,142.16,150.76,146.103.113.158,AMS
45.144.28.114,443,13.83,136.23,144.86,104.28.217.137,AMS
138.124.30.222,443,13.76,140.04,147.37,138.124.30.222,AMS
23.137.188.78,443,13.66,139.2,150.95,67.220.80.4,AMS
109.107.164.141,443,13.63,136.97,152.13,109.107.164.141,AMS
151.244.93.80,443,13.55,146.26,155.01,186.190.213.188,AMS
91.84.103.109,443,13.4,137.05,150.81,91.84.103.109,AMS
103.90.75.121,443,12.97,138.47,144.09,103.90.75.121,AMS
151.244.93.23,443,12.88,145.5,208.23,67.220.80.32,AMS
89.19.208.156,443,12.75,141.24,230.14,89.19.208.156,AMS
23.138.44.21,443,12.37,141.41,156.02,67.220.80.38,AMS
103.97.88.133,443,12.17,134.85,147.29,103.97.88.133,AMS
146.0.73.251,443,11.87,132.06,155.02,146.0.73.251,AMS
146.190.236.144,443,11.81,145.38,146.31,146.190.236.144,AMS
91.84.98.87,443,11.73,139.19,145.35,91.84.98.87,AMS
67.220.80.119,443,11.68,147.67,158.86,67.220.80.119,AMS
152.53.200.15,443,11.59,151.03,168.53,152.53.200.15,AMS
152.53.200.15,8443,11.56,148.23,168.35,152.53.200.15,AMS
91.242.229.152,443,11.45,144.59,147.48,91.242.229.152,AMS
94.228.122.163,443,11.43,142.07,248.18,94.228.122.163,AMS
5.253.189.174,443,11.33,137.25,172.84,5.253.189.174,AMS
147.45.135.207,443,11.27,140.59,258.04,147.45.135.207,AMS
109.176.207.168,443,10.81,134.15,140.97,109.176.207.168,AMS
77.238.244.200,443,10.8,135.4,173.41,77.238.244.200,AMS
103.137.249.207,443,10.71,143.74,156.76,103.137.249.207,AMS
109.107.187.52,443,10.45,146.48,147.31,109.107.187.52,AMS
138.124.30.156,8443,10.16,137.41,206.55,138.124.30.156,AMS
46.8.69.8,443,10.13,146.96,161.8,46.8.69.8,AMS
155.212.147.175,443,10.02,173.19,282.98,45.87.153.53,AMS
193.181.29.120,443,9.58,148.34,189.18,193.181.29.120,AMS
85.121.54.96,443,9.3,147.07,160.03,85.121.54.96,AMS
94.241.174.209,443,8.83,140.31,220.97,94.241.174.209,AMS
138.124.30.156,443,8.16,137.07,153.56,138.124.30.156,AMS
5.45.70.203,443,7.0,139.2,160.81,5.45.70.203,AMS
138.124.30.248,443,5.5,135.74,145.43,138.124.30.248,AMS
24.144.77.193,2053,5.37,136.33,154.55,188.166.43.205,AMS
23.138.44.18,443,5.37,150.11,159.49,67.220.80.2,AMS
45.14.50.95,443,5.21,135.39,150.37,45.14.50.95,AMS
24.144.77.193,443,4.0,137.11,154.42,188.166.43.205,AMS
195.133.75.35,443,3.33,146.44,158.16,195.133.75.35,AMS
5.178.109.158,443,44.78,165.65,176.91,5.178.109.158,ARN
217.60.0.239,443,42.99,186.36,180.06,2a13:7c00:10:8:f816:3eff:febd:1900,ARN
104.252.127.58,443,41.99,156.36,183.08,104.252.127.58,ARN
41.216.182.105,443,41.53,183.32,180.59,41.216.182.105,ARN
31.56.204.53,443,40.69,166.37,216.4,31.56.204.53,ARN
37.252.9.236,443,40.6,164.82,205.63,37.252.9.236,ARN
83.219.250.141,443,40.53,148.63,161.94,83.219.250.141,ARN
83.219.243.50,443,38.42,206.79,287.79,83.219.243.50,ARN
217.60.60.49,443,37.79,153.53,178.91,217.60.60.49,ARN
87.121.105.12,443,37.78,159.04,169.65,87.121.105.12,ARN
45.15.127.213,443,35.95,162.88,229.55,45.15.127.213,ARN
83.147.255.88,443,34.83,167.3,195.35,83.147.255.88,ARN
45.90.218.180,443,34.81,214.29,337.48,45.90.218.180,ARN
78.40.117.112,443,34.74,192.12,195.23,78.40.117.112,ARN
64.188.81.49,443,33.7,207.8,209.05,64.188.81.49,ARN
79.141.174.235,443,33.0,185.63,239.15,79.141.174.235,ARN
217.60.3.200,443,32.45,190.9,189.33,217.60.3.200,ARN
217.60.2.201,443,32.39,157.14,170.34,217.60.2.201,ARN
217.60.4.249,443,32.16,159.52,189.99,217.60.4.249,ARN
93.115.23.184,443,31.71,151.12,168.82,93.115.23.184,ARN
185.128.106.55,443,31.6,181.08,247.47,185.128.106.55,ARN
31.57.106.47,443,31.44,167.29,284.49,31.57.106.47,ARN
176.125.241.19,443,30.32,167.99,216.96,176.125.241.19,ARN
70.34.218.89,443,29.62,158.75,174.73,2a05:f480:2000:265c:5400:5ff:fe11:7e99,ARN
193.68.89.220,443,29.22,171.88,200.49,193.68.89.220,ARN
178.248.75.6,443,28.48,163.24,224.39,178.248.75.6,ARN
185.128.106.42,443,28.2,173.81,233.06,185.128.106.42,ARN
70.34.218.89,2053,26.73,159.54,168.7,70.34.218.89,ARN
45.9.75.166,443,26.72,198.48,270.86,45.9.75.166,ARN
45.38.139.205,443,26.63,166.06,216.88,45.38.139.205,ARN
217.60.0.95,443,23.95,154.11,187.68,217.60.0.95,ARN
185.128.106.63,443,23.73,183.78,233.34,185.128.106.63,ARN
31.57.29.93,443,23.02,196.22,184.54,31.57.29.93,ARN
217.60.62.145,443,22.66,163.65,189.3,217.60.62.145,ARN
89.125.243.148,443,22.45,150.82,242.0,89.125.243.148,ARN
46.8.238.89,443,21.77,153.91,180.92,46.8.238.89,ARN
155.212.225.26,443,21.05,156.99,193.69,155.212.225.26,ARN
185.254.158.117,443,20.94,219.51,212.0,185.254.158.117,ARN
70.34.205.63,443,20.23,145.05,155.29,70.34.205.63,ARN
185.88.101.59,443,19.87,155.33,170.21,185.88.101.59,ARN
217.60.1.138,443,19.32,167.92,181.75,217.60.1.138,ARN
45.144.30.222,443,19.28,194.08,220.21,45.144.30.222,ARN
192.145.30.29,443,19.02,162.79,182.7,192.145.30.29,ARN
62.182.193.252,443,19.02,152.35,165.96,62.182.193.252,ARN
45.93.9.182,443,18.64,269.03,224.99,45.93.9.182,ARN
31.57.106.126,443,18.24,153.62,186.41,31.57.106.126,ARN
193.68.89.220,8443,17.86,189.53,182.07,193.68.89.220,ARN
95.85.250.216,443,17.29,163.17,207.95,95.85.250.216,ARN
185.58.115.45,443,16.93,152.41,158.1,185.58.115.45,ARN
31.58.46.87,443,16.9,153.84,181.01,31.58.46.87,ARN
103.110.66.169,443,16.64,152.21,178.61,103.110.66.169,ARN
217.60.4.19,443,16.63,162.27,188.78,217.60.4.19,ARN
84.252.73.78,443,16.51,188.11,271.8,84.252.73.78,ARN
46.8.238.38,443,16.46,159.04,186.98,46.8.238.38,ARN
45.91.193.118,443,16.05,159.13,187.06,45.91.193.118,ARN
82.202.131.249,443,15.9,183.15,253.34,82.202.131.249,ARN
46.8.230.253,443,15.77,156.63,188.98,46.8.230.253,ARN
31.56.27.210,443,15.53,157.78,189.08,31.56.27.210,ARN
185.239.142.215,443,15.3,158.75,206.88,185.239.142.215,ARN
45.38.139.218,443,14.82,164.9,173.13,45.38.139.218,ARN
217.60.2.31,443,14.51,153.68,183.58,217.60.2.31,ARN
31.58.137.94,443,14.39,162.65,185.63,31.58.137.94,ARN
31.57.158.134,443,14.37,156.57,196.39,31.57.158.134,ARN
217.60.1.220,443,14.2,164.31,195.73,2a13:7c00:10:9:f816:3eff:fe31:57af,ARN
37.252.8.202,443,14.11,152.09,180.68,37.252.8.202,ARN
41.216.182.76,443,14.04,147.8,159.21,41.216.182.76,ARN
95.182.120.53,443,13.89,176.67,238.16,95.182.120.53,ARN
192.145.30.213,443,13.85,159.22,170.52,192.145.30.213,ARN
185.104.251.143,443,13.68,176.41,252.7,185.104.251.143,ARN
192.145.30.224,443,13.34,150.26,157.42,192.145.30.224,ARN
45.9.75.235,443,13.09,174.08,245.48,45.9.75.235,ARN
83.219.250.221,443,12.98,154.7,161.69,83.219.250.221,ARN
78.40.116.84,443,12.84,165.38,162.51,78.40.116.28,ARN
45.80.68.240,8443,12.75,181.88,252.74,45.80.68.240,ARN
45.80.68.240,443,12.6,185.63,241.03,45.80.68.240,ARN
185.128.106.54,443,12.53,179.84,261.81,185.128.106.54,ARN
46.8.21.7,443,12.45,173.06,286.46,46.8.21.7,ARN
185.104.250.157,443,12.07,166.74,233.09,185.104.250.157,ARN
31.56.113.140,443,12.05,158.8,207.93,2a13:7c00:6:2:f816:3eff:fec0:bd34,ARN
91.223.169.74,443,11.95,165.75,173.37,91.223.169.74,ARN
77.73.66.223,443,11.83,170.39,216.42,77.73.66.223,ARN
45.90.218.109,443,11.75,183.74,320.96,45.90.218.109,ARN
31.57.28.188,8443,11.69,159.51,265.11,31.57.28.188,ARN
31.57.28.188,443,11.54,156.14,266.62,31.57.28.188,ARN
45.12.146.174,443,11.38,162.59,182.03,45.12.146.174,ARN
45.12.151.21,443,11.06,158.0,263.04,45.12.151.21,ARN
41.216.182.98,443,10.49,160.18,165.91,41.216.182.98,ARN
217.60.0.37,443,10.4,154.8,173.36,217.60.0.37,ARN
141.98.169.144,443,10.18,167.45,184.9,141.98.169.144,ARN
45.9.75.244,443,10.17,195.59,240.42,45.9.75.244,ARN
217.60.6.227,443,10.07,162.52,178.05,217.60.6.227,ARN
103.113.68.210,443,9.92,169.39,241.47,103.113.68.210,ARN
176.125.241.116,443,9.69,157.09,170.22,176.125.241.19,ARN
31.57.107.13,443,9.65,153.8,169.75,31.57.107.13,ARN
193.124.254.121,443,9.6,160.78,234.64,193.124.254.121,ARN
95.143.196.18,443,9.57,149.97,179.95,95.143.196.18,ARN
213.21.240.109,443,8.93,159.43,165.98,213.21.240.109,ARN
188.215.31.56,443,8.39,166.44,177.65,188.215.31.56,ARN
185.82.127.156,443,8.3,159.88,183.48,185.82.127.156,ARN
87.121.105.174,443,8.05,168.69,195.01,87.121.105.174,ARN
142.111.244.42,443,7.95,159.97,191.14,142.111.244.42,ARN
31.56.117.15,443,7.83,157.42,186.2,31.56.117.15,ARN
46.8.64.53,443,7.78,157.67,184.11,46.8.64.53,ARN
192.145.30.27,443,7.67,158.83,164.47,192.145.30.27,ARN
91.204.75.99,443,7.55,158.18,180.8,91.204.75.99,ARN
217.145.79.186,2053,7.3,156.8,188.03,217.145.79.186,ARN
94.183.189.133,443,7.26,247.25,180.47,94.183.189.133,ARN
46.8.21.188,443,6.97,177.16,254.06,46.8.21.188,ARN
31.192.244.129,443,6.95,173.02,186.68,31.192.244.129,ARN
87.121.105.56,443,6.87,172.2,211.81,87.121.105.56,ARN
185.128.106.50,443,6.68,182.85,278.24,185.128.106.50,ARN
185.139.228.126,443,6.64,188.62,173.56,185.139.228.126,ARN
193.168.227.157,443,6.63,179.56,240.27,193.168.227.157,ARN
194.156.118.127,443,6.55,167.41,208.86,194.156.118.127,ARN
185.128.106.27,443,6.43,189.42,221.9,185.128.106.27,ARN
193.168.227.127,443,6.06,179.01,242.14,193.168.227.127,ARN
185.128.106.94,443,5.59,179.1,224.36,185.128.106.94,ARN
193.168.227.147,443,5.55,181.86,228.01,193.168.227.147,ARN
185.128.106.37,443,4.38,175.84,246.72,185.128.106.37,ARN
31.56.28.190,443,3.72,166.34,182.87,31.56.28.190,ARN
185.233.82.159,443,3.34,165.15,263.72,185.233.82.159,ARN
31.57.106.178,443,2.87,155.76,188.31,31.57.106.178,ARN
185.128.106.8,443,1.84,186.39,395.17,185.128.106.8,ARN
217.60.6.24,443,1.8,168.69,229.3,217.60.6.24,ARN
91.223.169.237,443,1.72,206.67,207.56,91.223.169.237,ARN
193.168.227.154,443,1.2,166.7,213.06,193.168.227.154,ARN
5.181.3.43,443,84.68,55.78,53.84,5.181.3.43,ATL
77.110.109.228,443,44.48,51.56,67.71,77.110.109.228,ATL
5.181.3.233,443,39.95,43.27,59.19,147.45.60.116,ATL
172.236.187.52,443,5.09,280.8,253.61,172.236.187.52,BOM
216.10.243.159,443,3.07,226.32,235.97,43.225.54.7,BOM
45.89.105.211,443,2.81,259.16,266.15,45.89.105.211,BOM
23.95.189.91,443,18.12,64.54,86.67,23.95.189.91,BUF
51.91.249.115,8443,45.97,193.25,223.28,51.91.249.115,CDG
45.12.133.113,443,45.82,143.46,160.3,45.12.133.113,CDG
51.91.249.223,443,44.89,207.88,270.49,51.91.249.223,CDG
141.94.220.210,443,44.27,189.7,202.1,141.94.220.210,CDG
51.91.249.223,8443,42.61,205.33,216.06,51.91.249.223,CDG
37.59.97.139,8443,42.35,180.92,223.63,37.59.97.139,CDG
51.91.252.34,8443,42.29,175.49,188.28,51.91.252.34,CDG
51.91.252.34,443,42.16,219.41,200.97,51.91.252.34,CDG
37.59.96.25,8443,42.12,155.69,190.72,37.59.96.25,CDG
51.91.249.115,443,41.87,164.24,187.03,51.91.249.115,CDG
37.59.97.139,443,41.46,156.81,240.97,37.59.97.139,CDG
51.91.250.183,443,40.96,161.75,211.67,51.91.250.183,CDG
51.91.250.183,8443,40.53,162.09,186.83,51.91.250.183,CDG
51.91.253.211,443,40.38,148.26,165.99,51.91.253.211,CDG
37.59.96.25,443,39.27,160.0,211.85,37.59.96.25,CDG
45.84.88.74,443,38.83,172.98,170.07,45.84.88.74,CDG
95.182.96.122,443,38.47,185.79,199.02,95.182.96.122,CDG
5.196.189.73,443,36.29,155.45,182.07,5.196.189.73,CDG
152.228.217.69,8443,32.9,179.31,221.65,152.228.217.69,CDG
51.91.248.218,8443,32.48,163.49,191.81,51.91.248.218,CDG
94.183.187.37,443,32.29,157.34,193.56,94.183.187.37,CDG
51.91.250.33,443,31.86,155.14,171.02,51.91.250.33,CDG
51.91.255.152,8443,29.92,146.83,159.27,51.91.255.152,CDG
54.37.38.254,443,29.1,146.62,197.6,54.37.38.254,CDG
51.91.250.33,8443,28.96,146.05,159.81,51.91.250.33,CDG
51.91.249.45,443,28.71,143.83,184.09,51.91.249.45,CDG
51.91.249.29,8443,25.99,173.42,239.79,51.91.249.29,CDG
51.91.254.100,443,25.67,154.42,223.43,51.91.254.100,CDG
51.91.249.29,443,23.79,145.97,175.65,51.91.249.29,CDG
152.228.217.69,443,23.34,169.49,246.8,152.228.217.69,CDG
94.131.9.241,443,22.72,132.66,150.29,94.131.9.241,CDG
51.91.249.154,8443,22.48,150.42,159.8,51.91.249.154,CDG
51.91.254.100,8443,22.28,145.07,194.74,51.91.254.100,CDG
51.91.255.152,443,22.26,147.11,171.18,51.91.255.152,CDG
51.91.249.93,443,22.04,150.78,184.22,51.91.249.93,CDG
158.178.215.52,443,21.43,140.73,143.89,158.178.215.52,CDG
31.56.176.211,443,21.06,132.78,160.45,31.56.176.211,CDG
162.19.27.52,443,20.76,149.92,173.3,162.19.27.52,CDG
194.4.49.85,443,20.22,129.28,130.99,94.131.9.65,CDG
51.91.248.215,8443,19.89,143.25,157.03,51.91.248.215,CDG
37.59.96.21,443,19.85,146.39,156.5,37.59.96.21,CDG
51.91.249.45,8443,19.73,148.95,182.22,51.91.249.45,CDG
37.59.96.21,8443,19.66,149.38,161.29,37.59.96.21,CDG
37.59.96.47,443,19.33,164.9,166.81,37.59.96.47,CDG
152.228.191.232,443,19.25,153.38,155.23,152.228.191.1,CDG
51.91.254.78,443,19.15,148.23,170.0,51.91.254.78,CDG
51.91.251.144,443,19.06,141.43,169.8,51.91.251.144,CDG
51.91.249.22,8443,18.57,146.37,199.76,51.91.249.22,CDG
37.59.97.136,8443,18.27,150.84,160.57,37.59.97.136,CDG
51.178.137.248,8443,18.23,149.17,160.06,51.178.137.248,CDG
51.91.250.21,443,18.21,144.26,162.96,51.91.250.21,CDG
37.59.96.47,8443,18.07,154.38,227.56,37.59.96.47,CDG
159.255.38.207,443,17.98,128.38,145.73,159.255.38.207,CDG
51.91.251.37,8443,17.8,140.72,154.19,51.91.251.37,CDG
51.91.254.78,8443,17.66,146.73,163.26,51.91.254.78,CDG
217.60.5.200,443,17.57,134.63,143.85,217.60.5.200,CDG
31.56.176.211,8443,17.27,145.33,152.63,31.56.176.211,CDG
51.91.248.215,443,17.12,142.69,156.0,51.91.248.215,CDG
37.59.97.136,443,16.84,152.22,163.57,37.59.97.136,CDG
51.91.250.218,8443,16.6,149.3,169.98,51.91.250.218,CDG
217.60.39.10,443,16.31,143.58,133.47,217.60.39.10,CDG
51.91.249.93,8443,16.16,150.77,200.48,51.91.249.93,CDG
51.91.251.160,8443,15.81,145.42,155.55,51.91.251.160,CDG
45.12.133.190,443,15.79,136.7,140.76,45.12.133.190,CDG
51.91.248.218,443,15.55,210.16,221.71,51.91.248.218,CDG
51.91.249.154,443,15.18,152.14,158.89,51.91.249.154,CDG
51.91.249.22,443,14.89,150.92,175.92,51.91.249.22,CDG
51.178.137.248,443,14.78,157.98,166.22,51.178.137.248,CDG
51.91.254.173,443,14.69,140.27,156.41,51.91.254.173,CDG
51.91.252.174,443,14.41,146.4,176.58,51.91.252.174,CDG
188.245.242.229,443,14.29,139.24,167.23,188.245.242.229,CDG
51.91.254.111,443,14.27,142.19,183.28,51.91.254.111,CDG
51.91.253.230,8443,14.24,145.22,159.67,51.91.253.230,CDG
94.183.186.102,443,13.92,148.32,164.56,94.183.186.102,CDG
51.91.253.62,443,13.86,156.4,162.1,51.91.253.62,CDG
51.91.251.144,8443,13.86,155.79,168.59,51.91.251.144,CDG
51.91.253.211,8443,13.47,161.52,187.12,51.91.253.211,CDG
51.91.252.174,8443,13.4,147.47,186.0,51.91.252.174,CDG
51.91.251.160,443,13.31,149.32,166.1,51.91.251.160,CDG
51.38.44.17,443,13.21,144.02,157.32,51.38.44.17,CDG
51.91.253.230,443,12.76,156.47,162.89,51.91.253.230,CDG
94.232.247.36,443,12.69,126.69,149.34,94.232.247.36,CDG
51.91.250.21,8443,12.67,146.73,163.92,51.91.250.21,CDG
138.124.31.203,443,12.34,133.9,147.86,138.124.31.203,CDG
51.91.253.62,8443,12.22,145.52,163.33,51.91.253.62,CDG
37.59.97.133,443,12.09,143.33,155.22,37.59.97.133,CDG
51.91.249.126,443,12.07,147.64,180.49,51.91.249.126,CDG
51.91.249.126,8443,12.05,146.74,164.59,51.91.249.126,CDG
51.91.254.189,8443,11.88,150.45,163.48,51.91.254.189,CDG
51.178.141.191,8443,11.86,149.57,161.01,51.178.141.191,CDG
51.91.254.158,8443,11.84,148.13,160.5,51.91.254.158,CDG
51.91.252.191,8443,11.72,140.14,162.92,51.91.252.191,CDG
45.84.88.160,443,11.53,137.41,143.88,45.84.88.160,CDG
51.91.254.177,8443,11.22,142.2,154.23,51.91.254.177,CDG
51.91.251.153,8443,10.96,147.1,158.54,51.91.251.153,CDG
37.59.97.133,8443,10.72,146.56,154.01,37.59.97.133,CDG
51.91.249.9,8443,10.63,146.35,160.36,51.91.249.9,CDG
141.94.78.246,443,10.39,151.66,158.36,141.94.78.246,CDG
51.91.249.9,443,10.24,145.77,160.83,51.91.249.9,CDG
51.91.252.61,443,10.14,148.35,162.29,51.91.252.61,CDG
51.91.249.209,443,10.11,140.7,167.76,51.91.249.209,CDG
51.91.254.177,443,10.07,148.12,161.15,51.91.254.177,CDG
51.91.250.92,8443,9.78,142.78,160.48,51.91.250.92,CDG
51.91.254.111,8443,9.69,149.1,182.77,51.91.254.111,CDG
51.91.250.218,443,9.68,159.64,166.42,51.91.250.218,CDG
51.91.249.209,8443,9.44,144.13,169.33,51.91.249.209,CDG
51.91.252.191,443,9.18,145.62,157.36,51.91.252.191,CDG
95.182.96.158,443,9.18,133.14,144.59,95.182.96.158,CDG
51.91.254.173,8443,9.15,155.82,154.92,51.91.254.173,CDG
51.91.254.189,443,9.13,151.17,161.14,51.91.254.189,CDG
138.124.70.157,443,8.97,132.69,160.18,138.124.70.157,CDG
51.91.254.158,443,8.81,149.15,158.94,51.91.254.158,CDG
51.91.251.37,443,8.75,145.93,159.72,51.91.251.37,CDG
51.91.253.113,8443,8.65,159.51,155.66,51.91.253.113,CDG
51.91.253.113,443,8.6,143.91,156.57,51.91.253.113,CDG
51.91.251.153,443,7.79,147.94,160.57,51.91.251.153,CDG
152.228.216.146,443,7.71,148.6,158.97,152.228.216.146,CDG
51.178.141.191,443,7.46,147.06,162.79,51.178.141.191,CDG
152.228.216.146,8443,7.37,149.27,158.1,152.228.216.146,CDG
51.91.252.61,8443,7.12,147.49,161.2,51.91.252.61,CDG
51.91.251.189,443,6.02,150.31,158.7,51.91.251.189,CDG
51.91.250.92,443,4.84,146.64,168.88,51.91.250.92,CDG
51.91.251.189,8443,2.28,150.88,158.55,51.91.251.189,CDG
141.94.78.246,8443,2.07,151.91,165.13,141.94.78.246,CDG
185.21.11.91,443,2.19,162.11,178.87,185.21.11.91,CPH
107.174.121.46,443,184.48,25.23,47.15,107.174.121.46,DFW
216.128.134.116,443,129.24,38.04,33.19,216.128.134.116,DFW
185.106.95.125,443,109.23,38.84,51.73,185.106.95.125,DFW
31.172.69.16,443,49.11,24.77,337.55,31.172.69.16,DFW
192.193.104.25,443,47.52,47.4,130.57,192.193.104.22,DFW
63.142.251.8,443,36.4,30.86,125.32,63.142.251.8,DFW
185.186.245.90,443,30.5,26.11,50.18,185.186.245.90,DFW
31.57.118.201,443,26.22,32.03,55.61,31.57.118.201,DFW
77.246.108.130,443,36.58,142.55,257.43,77.246.108.130,DME
91.196.35.62,443,35.57,205.02,224.79,91.196.35.62,DME
185.151.243.200,443,34.14,184.85,220.83,185.151.243.200,DME
45.128.99.204,443,33.62,155.81,264.69,2a13:7e40:5:50be::1,DME
77.232.136.60,443,33.1,250.38,267.23,77.232.136.60,DME
91.107.127.205,443,27.89,180.89,215.54,91.107.127.205,DME
185.137.235.254,443,25.57,170.92,324.49,185.151.243.200,DME
5.129.246.116,443,20.68,199.96,245.95,5.129.246.116,DME
64.188.125.13,443,19.87,159.54,266.45,64.188.125.13,DME
147.45.173.184,443,19.67,148.27,315.0,2a03:6f02::3732,DME
31.130.149.85,8443,19.17,179.34,240.71,31.130.149.85,DME
2.59.42.215,443,17.64,190.26,360.27,2.59.42.215,DME
92.241.18.106,443,17.07,182.25,222.21,92.241.18.106,DME
212.41.15.119,443,17.01,172.5,213.53,212.41.15.119,DME
103.88.242.134,443,16.92,179.35,251.45,103.88.242.134,DME
217.198.5.76,443,16.39,190.79,232.66,217.198.5.76,DME
94.250.251.225,443,15.96,176.37,204.6,94.250.251.225,DME
31.130.149.85,443,15.76,180.0,230.29,31.130.149.85,DME
147.45.99.92,443,15.67,184.61,245.04,147.45.99.92,DME
5.189.239.226,443,14.62,164.95,215.39,5.189.239.226,DME
195.2.79.253,443,13.78,189.98,248.09,195.2.79.253,DME
88.210.53.139,443,13.11,183.55,281.16,88.210.53.139,DME
185.170.10.35,443,13.07,184.2,236.28,185.170.10.35,DME
88.210.13.56,443,12.55,137.78,274.49,88.210.13.56,DME
80.87.110.43,443,11.64,234.56,296.81,80.87.110.43,DME
92.51.38.43,443,11.63,180.26,241.49,92.51.38.43,DME
37.46.133.101,443,11.46,178.72,206.64,37.46.133.101,DME
85.198.109.141,443,11.42,170.94,196.53,85.198.109.141,DME
212.74.227.162,443,10.21,178.34,205.5,212.74.227.162,DME
31.129.49.103,443,10.17,174.94,201.62,31.129.49.103,DME
178.20.41.204,443,9.3,181.49,210.61,178.20.41.204,DME
178.20.41.204,8443,9.24,187.3,218.93,178.20.41.204,DME
80.87.110.43,8443,8.72,254.83,307.7,80.87.110.43,DME
188.225.26.232,443,8.23,163.45,211.69,2a03:6f01:1:2::1:e8ce,DME
45.151.62.25,443,8.11,182.52,249.39,45.151.62.25,DME
185.255.135.99,443,7.56,187.49,252.7,185.255.135.99,DME
141.105.70.209,443,7.5,168.05,228.76,141.105.70.209,DME
88.212.254.54,443,7.02,171.47,204.38,88.212.254.54,DME
176.109.107.161,443,6.72,184.36,226.44,176.109.107.161,DME
79.141.73.189,443,6.57,257.0,305.41,79.141.73.189,DME
95.213.226.60,443,6.39,174.77,202.85,95.213.226.60,DME
79.141.73.189,8443,5.01,262.06,291.91,79.141.73.189,DME
193.32.177.152,443,95.97,63.57,70.75,193.32.177.152,EWR
104.131.81.68,443,93.4,66.67,76.48,104.131.81.68,EWR
74.119.194.201,443,91.26,74.26,105.62,74.119.194.201,EWR
166.1.60.219,443,89.15,65.51,91.46,166.1.60.219,EWR
5.180.24.182,443,87.63,62.53,129.1,5.180.24.182,EWR
104.238.129.180,443,78.89,66.86,78.9,104.238.129.180,EWR
38.132.122.241,443,55.94,72.63,382.74,38.132.122.241,EWR
172.96.188.117,443,46.97,67.63,76.33,172.96.188.117,EWR
185.204.54.203,443,44.62,68.86,98.01,185.204.54.203,EWR
45.83.140.160,443,39.62,84.8,108.32,45.83.140.160,EWR
38.180.138.2,443,35.11,69.21,132.62,38.180.138.2,EWR
86.104.72.16,443,34.6,75.17,89.85,86.104.72.16,EWR
166.1.60.137,443,34.0,65.22,79.31,166.1.60.137,EWR
205.172.57.27,443,29.58,67.8,80.67,205.172.57.27,EWR
198.199.86.20,443,22.36,63.23,70.83,198.199.86.20,EWR
116.203.92.120,443,48.29,142.54,153.86,116.203.92.120,FRA
80.253.251.183,443,48.25,146.73,155.41,80.253.251.183,FRA
148.251.134.94,443,44.86,168.1,166.94,148.251.134.94,FRA
62.60.216.204,443,44.67,173.03,271.57,2a01:e5c0:57f1::2,FRA
116.202.132.205,443,44.57,189.15,176.02,2a01:4f8:231:4c65::2,FRA
213.108.198.56,443,44.08,183.47,154.07,2a14:1b84:3000::89,FRA
194.48.250.224,443,43.98,166.66,354.37,2a12:bec4:1480:1a5::2,FRA
185.100.159.170,443,43.8,136.47,158.52,185.100.159.170,FRA
194.48.250.224,2053,42.65,167.8,191.25,2a12:bec4:1480:1a5::2,FRA
147.45.45.136,443,42.45,263.21,203.24,147.45.45.136,FRA
194.99.20.245,443,42.38,185.76,176.59,194.99.20.245,FRA
193.233.134.77,443,41.87,162.87,178.56,193.233.134.77,FRA
64.226.111.107,443,41.74,332.35,184.23,64.226.111.107,FRA
92.42.96.183,443,41.52,145.64,165.08,92.42.96.183,FRA
194.87.148.188,443,41.19,142.13,151.4,194.87.148.188,FRA
85.192.61.175,443,40.88,210.61,267.22,85.192.61.175,FRA
178.17.49.219,443,40.84,197.62,178.71,2a0b:4141:820:c96::2,FRA
94.16.114.25,443,40.7,172.49,170.53,94.16.114.25,FRA
152.53.141.186,443,40.64,176.34,178.6,152.53.141.186,FRA
45.149.235.29,443,40.41,150.22,188.37,45.149.235.29,FRA
88.198.82.147,443,40.29,162.2,169.7,178.63.88.12,FRA
77.232.143.218,443,40.14,199.34,252.16,77.232.143.218,FRA
62.133.60.155,443,40.11,149.5,165.8,62.133.60.155,FRA
193.42.60.128,443,39.37,147.74,204.99,193.42.60.128,FRA
113.30.191.181,443,38.77,167.62,195.39,113.30.191.181,FRA
109.120.134.133,443,38.6,181.0,212.1,109.120.134.133,FRA
5.75.159.159,443,38.34,159.37,299.46,2a01:4f8:c0c:2cf7::1,FRA
83.147.253.176,443,37.5,157.91,168.0,83.147.253.176,FRA
217.144.189.5,443,37.42,153.12,177.73,217.144.189.5,FRA
89.168.110.240,443,37.35,156.04,225.0,89.168.110.240,FRA
152.53.141.186,8443,36.84,158.19,200.54,152.53.141.186,FRA
132.226.197.103,443,36.2,162.45,187.82,132.226.197.103,FRA
91.98.73.253,443,35.32,164.45,172.17,91.98.73.253,FRA
91.107.171.251,443,35.26,236.47,182.05,2a01:4f8:1c17:c311::1,FRA
88.99.92.84,443,34.78,177.19,340.67,88.99.92.84,FRA
45.135.165.245,443,34.22,147.34,195.79,45.135.165.245,FRA
89.58.12.232,443,33.16,182.7,236.39,89.58.12.232,FRA
163.5.187.49,2053,33.13,147.31,225.1,163.5.187.49,FRA
87.120.166.14,443,32.93,144.24,190.47,87.120.166.14,FRA
89.58.12.232,8443,32.52,214.16,304.4,89.58.12.232,FRA
178.250.187.110,443,32.49,154.27,155.57,2a0f:cdc6:500:eb9::2,FRA
91.107.155.13,443,31.67,159.86,159.79,91.107.155.13,FRA
87.251.88.57,443,31.4,156.03,188.39,87.251.88.57,FRA
92.118.8.248,443,31.06,168.38,153.83,92.118.8.248,FRA
91.107.155.13,8443,30.31,196.54,231.85,91.107.155.13,FRA
77.221.149.88,443,29.75,174.94,246.63,77.221.149.88,FRA
109.120.184.141,443,29.72,175.98,224.23,109.120.184.141,FRA
77.110.107.199,443,29.53,136.57,138.48,2a05:541:103:dd::1,FRA
88.198.152.85,443,29.06,150.45,166.95,2a01:4f8:c17:1075::1,FRA
49.12.237.71,443,27.85,156.8,154.54,49.12.237.71,FRA
51.77.141.117,443,26.86,199.06,225.69,51.77.141.117,FRA
150.241.123.57,443,26.64,162.6,169.18,150.241.123.57,FRA
5.75.205.83,443,26.49,173.72,242.8,2a01:4f8:1c1b:29e4::1,FRA
167.71.45.93,443,26.44,146.31,158.46,167.71.45.93,FRA
5.75.159.159,8443,26.3,161.81,311.81,2a01:4f8:c0c:2cf7::1,FRA
64.188.68.244,443,26.05,143.77,149.11,2a12:bec4:1bb0:64e::2,FRA
91.107.242.69,443,25.94,156.24,164.45,2a01:4f8:1c1b:27de::1,FRA
91.107.158.77,8443,25.91,152.89,158.04,91.107.158.77,FRA
85.234.100.221,443,25.85,151.48,152.76,85.234.100.221,FRA
87.251.87.157,443,25.53,140.06,145.97,87.251.87.157,FRA
213.108.198.116,443,24.53,142.79,152.37,213.108.198.116,FRA
91.149.233.78,443,24.41,141.03,159.16,2605:e440:1::3:211,FRA
45.43.89.236,443,24.32,145.55,170.04,45.43.89.236,FRA
178.20.209.70,443,23.9,145.87,154.67,2a0b:4140:b19e::2,FRA
91.132.160.141,443,23.85,144.07,186.9,2a12:bec4:1bb0:32c::2,FRA
152.53.227.239,443,23.57,147.58,181.06,152.53.227.239,FRA
62.60.247.159,443,23.45,146.61,173.21,62.60.247.159,FRA
213.108.20.161,443,23.39,142.48,161.93,2a12:5940:af82::2,FRA
94.16.115.17,443,22.75,143.9,158.8,94.16.115.17,FRA
130.61.187.66,443,22.73,151.29,244.36,130.61.187.66,FRA
65.21.224.102,443,22.54,175.44,220.14,65.21.224.102,FRA
162.19.247.245,443,22.5,156.07,183.76,162.19.247.245,FRA
152.53.15.96,8443,22.35,148.39,156.2,152.53.15.96,FRA
62.60.216.169,443,22.24,154.95,181.95,2a0b:4140:452e::2,FRA
167.71.45.93,8443,22.05,165.39,193.37,167.71.45.93,FRA
178.17.48.5,443,21.81,155.45,161.03,2a0b:4141:820:af3::2,FRA
65.109.214.233,8443,21.5,172.29,220.47,65.109.214.233,FRA
83.219.249.108,443,21.43,149.7,173.89,83.219.249.108,FRA
91.107.158.77,443,21.34,140.84,172.03,91.107.158.77,FRA
5.187.4.45,443,21.29,136.22,143.23,2a02:6b40:2000:288::1,FRA
152.53.15.143,8443,21.29,147.06,169.33,152.53.15.143,FRA
5.178.106.183,2053,20.93,145.15,160.83,5.178.106.183,FRA
152.53.15.96,443,20.81,148.02,188.17,152.53.15.96,FRA
46.101.107.201,443,20.72,153.24,160.43,46.101.107.201,FRA
185.219.84.221,443,20.54,178.33,185.95,185.219.84.221,FRA
62.60.217.230,443,20.46,147.46,162.4,2a12:5940:a796::2,FRA
167.172.182.52,443,20.34,148.13,156.79,167.172.182.52,FRA
89.22.237.38,443,20.24,158.77,232.32,89.22.237.38,FRA
37.120.191.199,443,20.18,161.89,177.57,37.120.191.199,FRA
94.228.161.238,8443,20.16,148.27,177.84,2a0f:cdc6:500:142c::2,FRA
89.22.231.222,443,20.11,164.0,203.12,89.22.231.222,FRA
142.132.138.95,443,19.78,144.68,159.05,142.132.138.95,FRA
31.59.58.28,443,19.77,160.93,140.76,31.59.58.28,FRA
65.21.186.167,443,19.41,164.93,220.59,65.21.186.167,FRA
5.187.7.220,443,19.4,154.06,161.42,5.187.7.220,FRA
159.69.92.30,443,19.37,143.51,168.75,2a01:4f8:c2c:6bdd::1,FRA
152.53.227.239,8443,19.34,150.06,175.16,152.53.227.239,FRA
62.60.245.255,443,19.24,146.51,166.12,62.60.245.255,FRA
91.186.212.133,443,19.24,168.96,242.58,91.186.212.133,FRA
62.60.216.36,443,19.17,154.82,165.29,2a01:e5c0:5323::2,FRA
78.47.146.151,443,19.07,136.53,152.65,78.47.146.151,FRA
193.42.60.235,443,18.92,142.74,169.85,193.42.60.235,FRA
65.21.16.187,443,18.61,161.21,209.42,65.21.225.15,FRA
83.219.249.189,443,18.55,144.85,142.48,83.219.249.189,FRA
77.110.98.146,443,18.53,160.18,229.22,77.110.98.146,FRA
185.125.102.120,443,18.31,141.82,187.17,185.125.102.120,FRA
116.203.252.143,443,18.1,142.7,161.45,2a01:4f8:c012:c3ee::1,FRA
176.97.77.161,443,18.07,154.51,212.12,176.97.77.161,FRA
91.107.250.153,8443,18.06,147.76,176.54,91.107.250.153,FRA
83.147.254.245,443,18.05,171.91,224.84,2a01:e5c0:60be::2,FRA
91.199.118.151,2053,18.02,145.34,175.22,91.199.118.151,FRA
65.108.245.196,443,17.92,166.93,214.01,65.108.245.196,FRA
88.198.82.152,443,17.86,150.87,162.68,178.63.88.12,FRA
91.108.243.39,443,17.74,143.48,183.53,2a0a:6044:6200:93::2,FRA
141.95.0.233,443,17.56,148.57,155.91,141.95.0.233,FRA
109.120.179.99,443,17.4,171.82,194.73,109.120.179.99,FRA
178.17.51.104,443,17.38,141.13,169.31,2a0b:4141:820:ab2::2,FRA
88.198.82.146,443,17.3,143.18,170.54,178.63.88.12,FRA
93.152.217.56,443,17.16,175.45,207.41,2a05:541:158:26::1,FRA
5.253.188.151,443,17.1,160.21,175.42,5.253.188.151,FRA
194.87.71.42,443,17.04,145.71,147.93,194.87.71.42,FRA
176.96.137.80,443,17.01,138.93,145.02,176.96.137.80,FRA
79.137.204.22,443,17.0,149.63,170.44,79.137.204.22,FRA
62.60.217.147,443,16.98,146.31,153.35,2a0b:4140:b55c::2,FRA
212.224.93.171,443,16.92,138.9,153.56,212.224.93.171,FRA
65.109.214.233,443,16.83,168.79,231.4,65.109.214.233,FRA
109.120.157.29,443,16.82,178.47,218.07,109.120.157.29,FRA
5.61.39.183,443,16.8,144.42,157.81,5.61.39.183,FRA
212.52.1.143,443,16.76,148.98,156.09,212.52.1.143,FRA
38.180.56.54,443,16.69,268.19,335.21,38.180.56.54,FRA
51.38.98.202,443,16.55,150.97,169.5,51.38.98.202,FRA
92.119.125.143,443,16.37,149.45,194.69,92.119.125.143,FRA
195.58.38.95,443,16.34,139.77,157.37,2a0f:cdc6:500:f69::2,FRA
157.90.125.127,443,16.14,139.01,158.0,2a01:4f8:1c1c:cca9::1,FRA
163.5.187.118,2053,16.01,146.41,157.03,163.5.187.118,FRA
37.221.198.204,443,15.95,148.46,158.53,37.221.198.204,FRA
176.108.247.128,443,15.94,166.17,275.25,176.108.247.128,FRA
152.53.15.143,443,15.93,136.42,149.91,152.53.15.143,FRA
194.180.188.184,443,15.74,138.17,142.53,194.180.188.184,FRA
195.133.193.94,443,15.74,140.16,162.18,2605:e440:1::1:bd,FRA
194.76.173.184,2053,15.74,154.44,171.39,194.76.173.184,FRA
159.100.19.144,443,15.69,141.06,147.42,79.133.51.100,FRA
88.198.82.154,443,15.62,141.86,165.2,178.63.88.12,FRA
62.60.217.186,443,15.5,151.35,150.93,2a0b:4140:be8b::2,FRA
38.180.219.122,443,15.5,151.15,157.78,38.180.219.122,FRA
85.208.139.108,443,15.4,148.19,152.05,2a05:541:103:61::1,FRA
5.253.188.139,443,15.38,144.14,165.99,5.253.188.139,FRA
94.228.161.238,443,15.35,155.64,173.26,2a0f:cdc6:500:142c::2,FRA
88.198.82.148,443,14.99,144.1,170.67,178.63.88.12,FRA
64.188.79.4,443,14.95,149.76,153.2,64.188.79.4,FRA
147.45.78.112,443,14.93,167.0,250.31,147.45.78.112,FRA
178.17.58.213,443,14.86,138.47,145.6,178.17.58.213,FRA
79.132.138.87,443,14.84,137.23,169.21,2a02:6b40:2000:149a::1,FRA
88.198.82.158,443,14.83,137.68,168.41,178.63.88.12,FRA
37.221.198.204,8443,14.79,145.59,154.24,37.221.198.204,FRA
92.246.136.38,443,14.74,138.77,198.1,2a0b:4140:4cc8::2,FRA
88.198.82.150,443,14.64,147.78,176.44,178.63.88.12,FRA
194.76.173.106,2053,14.63,146.7,162.49,194.76.173.106,FRA
91.186.212.109,443,14.48,164.46,244.23,91.186.212.109,FRA
191.96.94.226,443,14.43,133.63,139.53,191.96.94.226,FRA
157.245.21.166,443,14.39,161.7,154.01,64.226.111.107,FRA
91.99.159.214,443,14.38,149.09,168.15,2a01:4f8:c014:c94b::1,FRA
94.141.123.231,443,14.26,149.88,179.69,94.141.123.231,FRA
207.180.226.101,443,14.11,141.62,158.62,207.180.226.101,FRA
91.107.186.82,443,14.08,143.8,182.12,2a01:4f8:1c17:ef55::1,FRA
65.109.182.62,443,14.02,165.17,213.54,65.109.182.62,FRA
46.4.60.21,443,13.91,137.08,163.2,46.4.60.21,FRA
83.147.254.163,443,13.88,174.03,247.11,83.147.254.163,FRA
95.47.190.252,443,13.71,188.77,295.7,193.41.79.190,FRA
193.23.219.31,443,13.7,145.83,149.39,193.23.219.31,FRA
146.19.207.133,443,13.7,144.32,161.01,146.19.207.133,FRA
77.110.100.122,443,13.61,146.13,159.81,77.110.100.122,FRA
213.176.114.65,443,13.61,144.97,148.43,2a0b:4140:b803::2,FRA
37.221.199.240,8443,13.45,150.04,168.41,37.221.199.240,FRA
5.61.46.9,443,13.43,144.71,157.88,5.61.46.9,FRA
65.109.200.234,443,13.37,162.82,209.17,65.109.200.234,FRA
46.62.148.243,443,13.31,169.06,210.73,46.62.148.243,FRA
89.58.13.3,443,13.24,152.92,163.6,89.58.13.3,FRA
91.107.185.122,2096,13.2,160.19,165.87,91.107.185.122,FRA
88.198.82.157,443,13.18,137.86,162.35,178.63.88.12,FRA
212.113.116.127,443,13.16,149.19,174.37,2a0b:4140:4cdb::2,FRA
95.214.10.193,443,13.1,155.64,147.11,95.214.10.193,FRA
178.17.49.75,443,12.97,140.99,142.76,2a0b:4141:820:c34::2,FRA
65.109.200.234,8443,12.9,171.45,213.2,65.109.200.234,FRA
109.120.185.37,443,12.8,159.82,212.82,109.120.185.37,FRA
152.53.13.108,443,12.74,147.75,169.18,152.53.13.108,FRA
46.229.253.73,443,12.71,154.28,166.94,46.229.253.73,FRA
77.223.215.167,443,12.69,147.05,151.48,77.223.215.167,FRA
88.198.82.156,443,12.65,144.21,169.12,178.63.88.12,FRA
148.253.208.57,443,12.64,145.83,161.97,2a13:d200:5:22a::1,FRA
152.53.142.246,443,12.61,146.26,172.38,152.53.142.246,FRA
91.199.118.151,8443,12.5,144.3,187.96,91.199.118.151,FRA
62.60.229.255,443,12.47,178.47,212.57,62.60.229.255,FRA
77.110.118.177,443,12.45,148.35,168.65,77.110.118.177,FRA
152.53.12.245,8443,12.44,147.9,153.71,152.53.12.245,FRA
5.182.87.234,8443,12.42,138.32,148.53,2a0b:4140:b237::2,FRA
46.101.110.196,443,12.4,148.16,152.44,46.101.110.196,FRA
91.186.216.240,443,12.3,161.03,206.27,91.186.216.240,FRA
152.114.192.17,443,12.25,154.75,170.89,152.114.192.17,FRA
95.217.135.173,443,12.24,162.05,236.41,95.217.135.173,FRA
167.172.164.250,443,12.18,158.96,178.04,167.172.164.250,FRA
89.40.117.130,443,12.17,154.51,159.8,89.40.117.130,FRA
162.19.158.102,443,12.11,153.25,173.21,2001:41d0:700:3a90:62::1,FRA
194.87.71.141,443,12.01,138.69,147.56,194.87.71.141,FRA
193.124.92.58,443,11.99,172.3,283.91,193.124.92.58,FRA
46.62.148.243,2053,11.99,168.54,235.16,2a01:4f9:c013:4993::1,FRA
195.133.44.21,443,11.96,145.58,151.32,195.133.44.21,FRA
5.181.187.58,443,11.95,145.17,151.21,5.181.187.58,FRA
172.86.95.236,443,11.87,145.17,151.63,172.86.95.236,FRA
80.253.251.30,443,11.76,134.44,138.07,80.253.251.30,FRA
95.217.237.91,443,11.73,170.42,217.3,95.217.237.91,FRA
194.180.188.241,443,11.69,142.71,151.38,194.180.188.241,FRA
94.130.2.84,443,11.67,137.02,154.29,176.9.24.177,FRA
195.201.148.147,443,11.6,142.19,163.91,2a01:4f8:1c1c:1ca0::1,FRA
185.230.143.55,443,11.54,168.32,214.36,2a12:5940:b2dc::2,FRA
64.188.68.11,443,11.46,143.47,154.55,2a12:bec4:1bb0:bbe::2,FRA
213.21.233.200,443,11.41,167.73,209.55,213.21.233.200,FRA
146.70.71.157,443,11.33,149.95,174.43,146.70.71.157,FRA
91.107.148.154,8443,11.32,145.34,165.64,91.107.148.154,FRA
152.53.138.139,8443,11.28,146.22,169.75,152.53.138.139,FRA
188.245.161.141,443,11.24,146.97,164.69,2a01:4f8:c17:1e71::1,FRA
88.198.82.153,443,11.16,146.48,165.47,178.63.88.12,FRA
167.235.242.114,443,11.14,138.16,155.99,167.235.242.114,FRA
31.172.71.32,443,11.11,156.73,200.19,2a02:6b40:2000:412::1,FRA
95.179.250.68,443,11.08,152.02,162.04,2001:19f0:6c01:14eb:5400:4ff:fe00:405,FRA
91.186.218.90,443,10.94,163.45,231.58,91.186.218.90,FRA
91.107.185.122,443,10.87,152.65,157.4,91.107.185.122,FRA
109.122.198.127,443,10.83,160.2,200.61,2a0b:4141:820:4cb::2,FRA
5.182.87.234,443,10.78,142.02,147.36,2a0b:4140:b237::2,FRA
152.53.13.108,8443,10.78,140.12,166.19,152.53.13.108,FRA
148.251.248.194,443,10.69,137.61,160.63,148.251.248.194,FRA
51.91.158.180,443,10.69,184.33,190.06,51.91.158.180,FRA
91.107.250.153,443,10.68,142.78,176.63,91.107.250.153,FRA
91.107.148.154,443,10.59,148.12,166.55,91.107.148.154,FRA
5.252.22.46,443,10.48,143.88,146.38,5.252.22.46,FRA
161.35.72.112,443,10.46,147.71,157.78,161.35.72.112,FRA
138.199.172.101,443,10.42,141.74,152.84,2a01:4f8:c17:6e0::1,FRA
104.248.17.101,443,10.28,150.52,158.32,104.248.17.101,FRA
88.198.82.155,443,10.23,139.68,157.33,178.63.88.12,FRA
37.120.189.189,443,10.22,150.64,188.22,37.120.189.189,FRA
85.192.42.186,443,10.01,149.84,173.41,85.192.42.186,FRA
65.109.182.62,8443,10.0,168.31,214.06,65.109.182.62,FRA
91.186.216.135,443,9.99,167.1,253.95,91.186.216.135,FRA
89.58.13.3,8443,9.92,150.92,167.58,89.58.13.3,FRA
37.120.165.33,8443,9.89,149.08,161.33,37.120.165.33,FRA
152.228.134.60,443,9.87,145.28,160.85,152.228.134.60,FRA
87.120.205.15,443,9.77,151.12,179.82,2a0b:4141:820:831::2,FRA
46.229.253.73,8443,9.75,148.99,164.04,46.229.253.73,FRA
152.53.136.205,443,9.68,151.28,166.52,152.53.136.205,FRA
195.58.38.63,443,9.63,147.01,157.12,2a0f:cdc6:500:f2b::2,FRA
91.186.216.59,443,9.62,159.54,207.76,91.186.216.59,FRA
94.159.102.181,443,9.62,201.19,217.92,2a0b:4142:606::2,FRA
178.17.48.170,443,9.45,143.32,152.83,2a0b:4141:820:663::2,FRA
45.149.235.55,443,9.44,149.11,174.98,45.149.235.55,FRA
94.159.100.136,443,9.36,202.71,212.28,2a0b:4142:3fc::2,FRA
37.120.189.189,8443,9.34,158.31,182.13,37.120.189.189,FRA
165.227.146.168,443,9.3,157.98,170.72,2a03:b0c0:3:f0:0:1:519:7000,FRA
94.159.97.247,443,9.26,205.27,203.97,2a0b:4142:25e::2,FRA
94.159.109.242,443,9.19,217.34,262.51,2a0b:4142:cce::2,FRA
152.53.137.35,8443,9.13,162.92,156.02,152.53.137.35,FRA
91.107.251.113,443,9.1,136.61,151.05,91.107.251.113,FRA
37.27.24.143,443,9.09,162.53,208.83,37.27.24.143,FRA
88.198.82.149,443,8.98,145.98,196.23,178.63.88.12,FRA
152.228.134.60,8443,8.84,150.22,160.86,152.228.134.60,FRA
94.159.101.36,443,8.8,208.23,251.8,2a0b:4142:48c::2,FRA
88.198.82.151,443,8.78,157.2,165.17,178.63.88.12,FRA
94.159.110.41,443,8.73,219.14,226.08,2a0b:4142:d04::2,FRA
152.53.142.246,8443,8.71,145.38,175.41,152.53.142.246,FRA
94.125.101.103,443,8.7,138.77,144.63,94.125.101.103,FRA
152.53.138.139,443,8.61,153.09,197.5,152.53.138.139,FRA
94.159.103.100,443,8.37,200.64,216.33,2a0b:4142:6a2::2,FRA
167.235.149.67,443,8.34,139.57,147.06,167.235.149.67,FRA
37.120.165.33,443,8.24,148.99,164.91,37.120.165.33,FRA
45.147.248.115,443,8.21,143.26,147.98,45.147.248.115,FRA
46.62.192.61,443,8.2,171.38,229.62,46.62.192.61,FRA
91.199.118.151,443,8.15,144.49,189.73,91.199.118.151,FRA
80.240.20.43,443,8.09,151.99,160.68,80.240.20.43,FRA
195.66.114.33,443,8.05,174.51,280.61,195.66.114.33,FRA
45.132.1.10,443,8.03,137.63,145.73,45.132.1.10,FRA
37.221.199.240,443,7.85,147.4,158.66,37.221.199.240,FRA
195.133.46.207,443,7.8,191.69,242.7,46.62.192.61,FRA
91.107.251.113,8443,7.78,142.98,157.81,91.107.251.113,FRA
94.159.104.182,443,7.76,209.08,223.0,2a0b:4142:7da::2,FRA
37.120.191.199,8443,7.72,167.54,179.27,37.120.191.199,FRA
94.159.104.23,8443,7.69,202.5,212.04,2a0b:4142:790::2,FRA
94.159.101.93,443,7.56,203.01,208.18,2a0b:4142:4d3::2,FRA
94.159.106.205,443,7.56,199.31,206.39,2a0b:4142:9d1::2,FRA
94.159.104.1,443,7.37,220.77,215.01,94.159.104.1,FRA
57.129.47.52,443,7.28,152.75,161.36,57.129.47.52,FRA
194.76.173.6,2053,7.15,151.04,165.16,194.76.173.6,FRA
152.53.137.35,443,6.96,156.7,165.12,152.53.137.35,FRA
152.53.136.205,8443,6.95,153.56,158.9,152.53.136.205,FRA
51.77.140.254,443,6.79,151.27,183.94,51.77.140.254,FRA
94.159.104.237,443,6.02,205.41,208.62,2a0b:4142:807::2,FRA
152.53.12.245,443,5.88,154.98,150.41,152.53.12.245,FRA
94.159.98.140,443,5.73,276.64,361.3,2a0b:4142:229::2,FRA
94.159.101.193,443,5.69,209.24,211.91,2a0b:4142:51f::2,FRA
94.159.110.149,443,5.43,204.87,217.13,94.159.110.149,FRA
94.159.101.254,443,5.39,199.72,220.91,2a0b:4142:557::2,FRA
94.159.109.1,443,5.09,214.08,248.77,94.159.109.1,FRA
94.159.111.159,443,5.05,199.7,206.23,2a0b:4142:e7f::2,FRA
80.244.13.193,443,4.95,240.9,259.84,142.248.1.90,FRA
94.159.98.123,443,4.87,208.81,205.0,2a0b:4142:24e::2,FRA
45.9.116.160,443,4.26,207.39,212.52,45.9.116.160,FRA
94.159.111.159,2053,4.21,205.39,211.43,94.159.111.159,FRA
194.41.112.16,443,4.02,241.0,273.86,194.41.112.16,FRA
94.159.109.104,443,3.66,204.99,215.91,2a0b:4142:c8a::2,FRA
166.1.36.83,443,3.58,256.85,281.96,166.1.36.83,FRA
144.31.242.7,443,3.48,150.5,156.6,144.31.242.7,FRA
51.77.140.254,8443,3.05,151.0,168.62,51.77.140.254,FRA
31.172.73.59,443,2.42,140.04,144.3,31.172.73.59,FRA
51.77.141.117,8443,2.4,162.04,218.5,51.77.141.117,FRA
94.159.103.71,443,1.8,204.31,207.93,2a0b:4142:687::2,FRA
57.129.47.52,8443,1.73,148.57,161.58,57.129.47.52,FRA
94.159.105.148,443,1.67,212.5,233.67,2a0b:4142:906::2,FRA
94.159.111.170,443,1.47,201.92,208.54,2a0b:4142:e90::2,FRA
94.159.104.23,443,1.37,200.42,210.62,2a0b:4142:790::2,FRA
160.251.209.140,443,27.38,123.35,140.43,2400:8500:2002:3176:160:251:209:140,FUK
91.90.193.138,443,13.72,148.42,181.91,91.90.193.138,GVA
94.16.114.25,8443,42.05,190.1,218.45,94.16.114.25,HAM
94.16.115.17,8443,13.24,156.5,185.88,94.16.115.17,HAM
38.244.137.183,443,42.46,262.67,165.74,38.244.137.183,HEL
185.117.116.214,443,41.53,169.33,199.47,185.117.116.214,HEL
167.17.40.47,443,33.48,171.65,198.16,167.17.40.47,HEL
212.192.212.100,443,28.47,174.97,199.93,212.192.212.100,HEL
193.84.2.148,443,28.4,154.51,182.87,193.84.2.148,HEL
151.241.221.126,443,27.01,170.99,223.72,151.241.221.126,HEL
46.20.106.214,443,26.3,172.84,286.7,46.20.106.214,HEL
45.12.70.200,443,26.26,218.58,221.96,45.12.70.200,HEL
195.96.156.92,443,23.81,153.99,170.08,195.96.156.92,HEL
194.34.236.116,443,21.99,169.43,171.13,194.34.236.116,HEL
168.222.253.184,443,20.61,152.91,176.32,168.222.253.184,HEL
94.131.100.210,443,20.32,174.53,192.94,94.131.100.210,HEL
38.244.139.135,443,20.2,149.27,216.48,38.244.139.135,HEL
193.47.60.247,443,17.88,156.61,168.99,193.47.60.247,HEL
81.177.214.250,443,17.7,215.64,212.1,81.177.214.250,HEL
193.109.84.39,443,17.5,152.68,163.74,193.109.84.39,HEL
185.102.136.128,443,17.06,159.04,184.09,185.102.136.128,HEL
185.231.206.61,443,15.8,161.23,183.1,185.231.206.61,HEL
5.180.172.78,443,15.61,193.85,286.64,5.180.172.78,HEL
92.118.234.232,443,15.53,165.0,196.1,92.118.234.232,HEL
192.145.29.138,443,15.05,167.25,185.77,192.145.29.138,HEL
178.17.60.14,443,14.54,184.22,199.53,2a0b:4141:1820:f3::2,HEL
193.68.88.242,443,13.88,154.92,157.86,193.68.88.242,HEL
91.149.254.129,443,13.66,159.51,183.38,91.149.254.129,HEL
5.180.172.78,8443,11.44,186.69,259.19,5.180.172.78,HEL
103.71.23.67,443,10.26,157.11,165.08,103.71.23.67,HEL
43.245.225.23,443,10.17,166.96,166.93,43.245.225.23,HEL
5.181.20.58,443,10.08,164.51,200.2,5.181.20.58,HEL
212.237.219.183,443,9.41,153.66,178.75,212.237.219.183,HEL
38.244.137.32,443,9.2,148.83,177.85,38.244.137.32,HEL
92.118.233.25,443,8.68,172.85,200.24,92.118.233.25,HEL
138.124.15.220,443,8.66,155.86,163.19,138.124.15.220,HEL
89.35.129.86,443,6.95,169.97,198.34,89.35.129.86,HEL
38.244.136.91,443,6.29,149.04,171.3,38.244.136.91,HEL
5.128.145.96,443,6.06,240.05,387.6,5.128.145.96,HEL
91.217.76.192,443,4.16,201.66,232.26,91.217.76.192,HEL
85.209.129.100,8443,4.01,150.12,183.87,85.209.129.100,HEL
85.209.129.100,443,3.98,155.66,215.25,85.209.129.100,HEL
95.164.55.77,8443,2.62,152.57,183.49,95.164.55.77,HEL
95.164.55.81,443,2.59,178.23,207.11,95.164.55.81,HEL
95.164.55.77,443,2.53,163.16,176.75,95.164.55.77,HEL
95.164.55.81,8443,1.73,159.49,189.19,95.164.55.81,HEL
8.217.180.234,443,42.92,187.78,173.63,47.243.43.203,HKG
43.103.6.144,443,41.27,167.29,203.68,43.103.6.144,HKG
82.25.47.64,443,40.26,188.06,258.07,2a0f:7802:e2bf:44::a,HKG
103.219.195.184,443,34.92,189.64,186.59,103.219.195.184,HKG
8.218.189.27,443,30.43,165.48,164.45,8.218.54.57,HKG
45.128.220.81,443,26.93,170.24,175.41,2403:2c81:2000:202e::a,HKG
91.213.189.186,443,26.5,160.26,181.11,2401:1fe0:6::12c,HKG
221.139.87.28,443,25.91,146.06,242.1,221.139.87.28,HKG
47.57.182.141,443,25.58,166.05,174.72,47.57.182.141,HKG
8.223.63.150,443,25.39,162.16,173.84,47.83.170.193,HKG
68.64.179.210,443,23.97,166.94,184.55,2001:df1:7880:101::ad4,HKG
43.168.16.112,443,22.45,156.38,161.31,43.175.115.167,HKG
159.138.138.87,443,22.37,159.5,176.1,159.138.138.87,HKG
89.185.25.124,443,20.55,158.75,182.59,2401:b60:14::8ac:a5fe,HKG
43.161.219.53,443,19.33,159.55,172.96,43.161.219.53,HKG
43.161.214.157,443,18.66,160.97,170.87,43.161.214.157,HKG
91.229.132.58,443,18.64,155.28,159.27,2400:e3e0:f5a9:cb0d:389b:ae84:1170:c2c4,HKG
34.150.58.144,443,17.66,162.8,181.67,34.150.58.144,HKG
112.119.8.12,443,17.37,157.13,169.52,112.119.8.12,HKG
156.230.12.71,443,17.33,160.89,178.4,202.46.34.74,HKG
38.207.160.227,443,16.96,159.26,157.79,38.207.160.227,HKG
118.141.20.85,443,16.94,157.67,180.06,118.141.20.85,HKG
68.64.178.42,443,16.1,160.66,189.25,2001:df1:7880:101::a0c,HKG
123.254.106.203,443,15.48,172.18,183.94,123.254.106.203,HKG
152.32.133.246,443,14.94,184.26,204.75,152.32.133.246,HKG
8.223.63.189,443,14.55,156.8,174.88,47.83.170.193,HKG
217.60.248.54,443,13.77,161.42,216.17,2a13:7c00:7:6:f816:3eff:fe83:76bf,HKG
89.185.25.124,8443,13.35,153.3,168.99,2401:b60:14::8ac:a5fe,HKG
58.176.95.46,443,12.55,155.98,164.56,58.176.95.46,HKG
47.239.4.246,2053,12.37,154.54,163.65,47.239.4.246,HKG
103.135.250.188,443,11.98,153.82,164.66,2403:18c0:4:389:f453:c6ff:fe8d:ac18,HKG
103.219.194.43,443,11.86,153.02,158.12,103.219.194.43,HKG
149.104.5.76,443,11.78,162.94,174.13,149.104.5.76,HKG
83.229.122.50,443,11.48,158.93,170.52,2001:df1:7880:2::cfe,HKG
152.32.172.205,443,11.2,184.88,197.32,152.32.172.205,HKG
47.239.4.246,443,11.15,155.44,172.17,47.239.4.246,HKG
47.239.4.246,8443,11.04,156.07,168.2,47.239.4.246,HKG
206.237.21.224,443,10.82,166.87,173.94,2404:8c80:0:1009:687:dd08:2c80:f1cc,HKG
83.229.122.219,443,10.49,161.83,160.03,2001:df1:7880:2::91b,HKG
143.14.189.132,443,6.35,253.67,244.34,2a0e:97c0:3f0:1::c1c,HKG
18.166.242.223,443,5.11,154.52,181.97,18.166.242.223,HKG
45.207.214.114,443,4.35,175.62,220.61,45.207.214.114,HKG
152.32.171.162,443,3.66,164.43,172.5,152.32.171.162,HKG
154.38.116.8,443,3.57,163.72,172.57,154.38.116.8,HKG
47.76.218.163,443,3.06,154.65,166.63,47.76.218.163,HKG
154.44.27.15,443,2.54,210.92,266.05,154.44.27.15,HKG
103.192.179.132,443,1.23,186.86,237.91,103.192.179.132,HKG
172.208.36.45,443,109.75,59.13,59.07,172.208.36.45,IAD
150.136.105.229,443,37.87,49.85,57.39,150.136.105.229,IAD
129.154.215.121,443,40.49,146.31,171.68,129.154.215.121,ICN
140.238.17.157,443,37.24,148.09,153.09,2603:c022:800d:d100::aaaa,ICN
131.186.17.132,443,27.45,142.23,142.41,131.186.17.132,ICN
64.110.81.226,443,25.2,136.05,153.08,64.110.81.226,ICN
193.122.107.234,443,24.69,144.6,143.29,193.122.107.234,ICN
146.56.188.74,443,24.6,143.24,199.38,146.56.188.74,ICN
158.247.222.57,443,24.17,132.21,142.27,2401:c080:1c00:2598:5400:5ff:fe91:7f04,ICN
130.162.130.105,443,22.66,133.82,141.55,130.162.130.105,ICN
123.111.169.70,8443,20.47,135.82,141.68,123.111.169.70,ICN
152.67.208.8,443,19.75,141.95,177.87,152.67.208.8,ICN
144.24.73.232,443,19.69,137.99,157.85,144.24.73.232,ICN
43.133.229.220,443,18.93,146.35,155.22,43.133.229.220,ICN
158.180.72.60,443,16.76,143.39,150.58,158.180.72.60,ICN
43.155.187.201,443,16.32,138.28,141.78,43.155.187.201,ICN
20.249.24.202,443,16.12,133.42,139.52,20.249.24.202,ICN
140.245.69.124,443,16.08,149.58,164.21,140.245.69.124,ICN
3.39.10.156,443,15.14,149.92,160.26,3.39.10.156,ICN
123.111.169.70,443,15.14,137.37,141.71,123.111.169.70,ICN
45.93.31.34,443,15.06,135.3,143.84,45.93.31.34,ICN
13.125.114.39,443,14.24,135.74,228.1,13.125.114.39,ICN
123.111.169.70,2087,14.08,143.9,144.19,123.111.169.70,ICN
158.180.77.154,443,13.39,138.52,153.6,158.180.77.154,ICN
45.93.30.168,443,12.25,130.95,197.45,45.93.30.168,ICN
123.111.169.70,2053,12.14,147.43,146.52,123.111.169.70,ICN
123.111.169.70,2096,10.79,148.65,146.74,123.111.169.70,ICN
130.162.132.38,443,10.37,143.38,150.9,130.162.132.38,ICN
123.111.169.70,2083,9.39,152.11,154.95,123.111.169.70,ICN
119.205.235.58,443,2.5,220.81,188.39,119.205.235.58,ICN
150.230.5.126,443,55.4,129.77,121.93,2603:c023:5:be04::44,KIX
64.176.54.102,443,51.03,192.63,174.22,64.176.54.102,KIX
64.176.54.93,443,48.73,151.56,141.27,64.176.54.93,KIX
64.176.50.149,443,43.19,122.69,206.23,64.176.50.149,KIX
152.69.197.207,443,40.48,177.99,152.16,152.69.197.207,KIX
161.33.38.253,443,32.44,127.51,136.59,161.33.38.253,KIX
138.2.59.112,443,29.25,128.5,136.24,138.2.59.112,KIX
64.176.36.17,443,27.57,122.53,158.04,2401:c080:3800:25c8:5400:5ff:fe7a:62c,KIX
64.176.36.61,443,25.42,118.13,123.52,64.176.36.61,KIX
64.110.104.30,443,23.77,120.88,120.45,64.110.104.30,KIX
141.147.144.109,443,22.17,115.21,124.67,141.147.144.109,KIX
64.176.44.23,443,20.73,118.5,128.61,2401:c080:3800:2097:5400:5ff:feeb:9e0b,KIX
168.138.46.67,443,20.56,117.95,126.41,168.138.46.67,KIX
64.176.55.11,443,19.45,117.32,122.38,64.176.55.11,KIX
172.235.211.171,443,3.67,172.84,148.55,172.235.211.171,KIX
205.185.121.54,443,13.98,33.42,34.0,205.185.121.54,LAS
149.28.87.213,443,449.67,8.59,14.42,149.28.87.213,LAX
91.149.239.122,443,351.92,12.92,16.18,91.149.239.122,LAX
104.129.166.131,443,338.8,10.58,23.63,20.163.82.245,LAX
129.146.104.110,443,314.23,3.05,31.1,2603:c020:f:d500:e0be:b965:664d:2feb,LAX
104.129.166.131,2083,299.4,16.62,14.86,20.163.82.245,LAX
104.129.166.131,8443,293.43,11.21,13.58,20.163.82.245,LAX
69.63.193.113,443,288.16,9.44,25.12,69.63.193.113,LAX
104.129.166.131,2053,287.24,9.98,17.3,20.163.82.245,LAX
104.129.166.131,2096,267.11,9.72,16.01,20.163.82.245,LAX
104.129.166.131,2087,254.25,8.73,13.09,20.163.82.245,LAX
129.146.46.164,443,234.6,15.29,18.19,129.146.46.164,LAX
154.211.8.155,2053,185.38,11.22,19.49,20.163.82.245,LAX
154.211.8.155,2083,169.28,11.21,21.68,20.163.82.245,LAX
45.40.113.194,443,166.37,12.79,23.56,45.40.113.194,LAX
154.211.8.155,2087,159.05,9.39,18.44,20.163.82.245,LAX
154.211.8.155,2096,157.91,9.75,25.29,20.163.82.245,LAX
154.211.8.155,8443,147.96,12.22,26.35,20.163.82.245,LAX
154.211.8.155,443,146.8,9.19,22.62,20.163.82.245,LAX
104.129.167.255,2053,112.39,16.25,20.64,20.163.82.245,LAX
104.129.167.255,8443,106.48,16.45,16.6,20.163.82.245,LAX
104.129.167.255,2087,94.4,16.89,20.89,20.163.82.245,LAX
5.10.215.26,2083,94.31,10.86,21.36,20.163.82.245,LAX
129.146.67.81,443,85.85,6.7,27.52,2603:c020:f:d500:e0be:b965:664d:2feb,LAX
31.40.214.164,443,85.41,13.75,24.78,31.40.214.164,LAX
141.148.161.95,443,81.08,3.71,44.45,141.148.161.95,LAX
104.129.167.255,2096,79.77,17.24,25.64,20.163.82.245,LAX
104.129.167.255,2083,74.46,13.42,19.91,20.163.82.245,LAX
104.129.167.255,443,73.59,16.99,24.95,20.163.82.245,LAX
129.146.254.25,443,62.58,3.87,46.11,129.146.254.25,LAX
129.146.137.214,443,62.46,12.55,25.2,2603:c020:14:b39f:73e4:5573:620c:f17c,LAX
5.10.215.26,2096,54.99,11.03,14.26,20.163.82.245,LAX
5.10.215.26,2087,47.62,13.85,18.28,20.163.82.245,LAX
5.10.215.26,8443,47.5,9.42,17.8,20.163.82.245,LAX
5.10.215.26,443,44.55,10.19,16.27,20.163.82.245,LAX
142.171.230.71,443,43.76,9.49,17.95,142.171.230.71,LAX
5.10.215.26,2053,40.72,19.85,17.92,20.163.82.245,LAX
185.45.195.145,443,38.62,34.56,21.87,185.45.195.145,LAX
192.227.237.81,443,29.85,13.28,21.57,192.227.237.81,LAX
69.63.222.156,443,8.87,17.91,52.83,69.63.222.156,LAX
91.149.239.206,443,8.84,9.68,12.95,91.149.239.206,LAX
154.201.77.245,443,8.42,10.12,24.38,154.201.77.245,LAX
155.117.19.186,443,4.91,202.28,213.48,155.117.19.186,LAX
31.129.49.103,8443,14.21,158.62,176.67,31.129.49.103,LED
2.59.165.35,443,11.78,168.15,196.44,212.193.35.98,LED
37.143.8.152,443,8.9,175.33,289.05,37.143.8.152,LED
45.131.40.149,443,7.65,166.08,217.78,45.131.40.149,LED
91.227.62.140,443,49.3,162.46,146.8,69.42.213.173,LHR
57.128.183.133,8443,47.01,146.07,166.17,57.128.183.133,LHR
91.227.62.50,443,46.64,152.64,153.49,69.42.213.50,LHR
57.128.178.232,443,44.69,180.46,187.45,57.128.178.232,LHR
57.129.137.70,8443,43.89,213.54,160.55,57.129.137.70,LHR
37.157.242.193,443,43.58,181.01,173.68,37.157.242.6,LHR
57.128.178.232,8443,43.24,149.42,175.54,57.128.178.232,LHR
57.129.137.196,8443,42.31,154.24,185.95,57.129.137.196,LHR
57.128.181.88,8443,42.27,185.41,200.75,57.128.181.88,LHR
57.129.137.70,443,42.1,159.89,191.91,57.129.137.70,LHR
57.129.137.196,443,41.52,168.11,202.73,57.129.137.196,LHR
57.129.137.86,8443,41.41,150.56,192.82,57.129.137.86,LHR
57.129.137.63,443,41.09,164.39,174.47,57.129.137.63,LHR
57.128.181.88,443,41.03,167.27,297.18,57.128.181.88,LHR
57.128.183.133,443,40.8,158.08,220.19,57.128.183.133,LHR
91.149.238.31,443,38.46,136.41,190.87,91.149.238.31,LHR
57.129.137.63,8443,38.01,154.36,181.04,57.129.137.63,LHR
57.129.137.227,443,36.75,148.32,168.84,57.129.137.227,LHR
57.129.137.80,443,36.18,153.85,236.96,57.129.137.80,LHR
57.129.137.206,8443,35.36,139.43,145.01,57.129.137.206,LHR
57.129.137.245,443,32.17,133.48,140.78,57.129.137.245,LHR
91.149.202.142,443,31.47,146.35,169.98,91.149.202.142,LHR
213.165.88.177,443,31.31,171.15,184.2,213.165.88.177,LHR
57.128.181.26,443,30.49,148.84,163.35,57.128.181.26,LHR
57.129.137.80,8443,30.05,192.15,183.6,57.129.137.80,LHR
57.129.137.95,443,29.8,142.12,154.83,57.129.137.95,LHR
57.129.137.199,443,29.09,149.02,170.2,57.129.137.199,LHR
57.129.137.206,443,28.9,139.57,144.51,57.129.137.206,LHR
161.35.162.102,443,28.77,142.33,159.41,161.35.162.102,LHR
91.227.62.67,443,27.66,129.84,143.52,69.42.213.67,LHR
57.128.183.82,8443,27.47,144.05,148.85,57.128.183.82,LHR
57.128.183.82,443,27.44,159.8,149.69,57.128.183.82,LHR
78.129.155.165,443,27.34,149.07,186.14,78.129.155.165,LHR
2.56.179.239,443,26.44,148.17,163.86,2.56.179.239,LHR
171.22.181.245,443,26.2,229.32,184.77,171.22.181.245,LHR
57.129.137.227,8443,26.07,148.55,167.17,57.129.137.227,LHR
79.72.91.32,443,25.96,135.39,140.4,79.72.91.32,LHR
82.153.48.54,443,25.92,135.3,159.14,82.153.48.54,LHR
57.129.137.230,443,25.53,139.33,162.82,57.129.137.230,LHR
82.145.63.59,443,25.31,151.88,184.79,82.145.63.59,LHR
57.129.137.86,443,25.11,153.58,176.05,57.129.137.86,LHR
57.129.137.199,8443,24.85,142.41,170.57,57.129.137.199,LHR
57.128.181.26,8443,23.58,145.22,153.35,57.128.181.26,LHR
45.89.111.20,443,22.4,138.99,157.39,45.89.111.20,LHR
91.227.62.62,443,21.18,132.81,140.41,69.42.213.62,LHR
57.129.137.77,443,21.09,151.88,169.83,57.129.137.77,LHR
57.128.183.143,8443,20.58,140.27,145.16,57.128.183.143,LHR
57.128.183.59,8443,20.54,143.81,155.42,57.128.183.59,LHR
57.129.137.238,8443,20.06,145.02,181.82,57.129.137.238,LHR
57.128.177.185,443,20.01,140.65,153.23,57.128.177.185,LHR
57.129.137.61,443,19.6,147.84,148.99,57.129.137.61,LHR
57.129.137.50,8443,19.59,150.77,148.95,57.129.137.50,LHR
57.129.137.245,8443,19.53,139.03,147.64,57.129.137.245,LHR
34.39.62.53,443,19.47,133.01,138.53,34.39.62.53,LHR
57.128.183.40,443,19.09,140.46,146.87,57.128.183.40,LHR
57.129.137.50,443,18.56,142.75,148.26,57.129.137.50,LHR
57.129.137.236,8443,18.53,138.69,145.14,57.129.137.236,LHR
57.129.137.82,443,18.48,141.9,157.05,57.129.137.82,LHR
57.129.137.95,8443,18.37,137.92,152.49,57.129.137.95,LHR
57.129.137.238,443,18.36,132.88,195.09,57.129.137.238,LHR
57.128.183.196,8443,18.19,143.01,160.93,57.128.183.196,LHR
57.128.180.59,8443,18.16,148.74,153.8,57.128.180.59,LHR
57.129.137.77,8443,17.78,158.96,162.14,57.129.137.77,LHR
57.129.137.55,443,17.67,147.51,161.39,57.129.137.55,LHR
68.168.31.169,443,17.37,133.98,159.82,68.168.31.164,LHR
57.129.137.82,8443,17.1,141.82,172.31,57.129.137.82,LHR
57.128.183.35,8443,16.88,141.51,150.36,57.128.183.35,LHR
57.128.177.218,8443,16.59,146.7,168.3,57.128.177.218,LHR
57.128.176.82,443,16.37,140.67,152.61,57.128.176.82,LHR
57.129.137.240,8443,16.33,139.98,153.55,57.129.137.240,LHR
188.119.122.234,443,16.03,136.02,151.3,188.119.122.234,LHR
57.128.183.59,443,15.91,141.61,154.99,57.128.183.59,LHR
57.128.176.87,443,15.78,139.67,150.04,57.128.176.87,LHR
213.165.84.165,443,15.6,147.23,168.68,213.165.84.165,LHR
57.129.137.61,8443,15.45,149.85,157.99,57.129.137.61,LHR
57.128.179.111,443,15.44,144.45,165.9,57.128.179.111,LHR
57.129.137.208,443,15.42,149.21,150.19,57.129.137.208,LHR
188.119.122.228,443,15.36,131.74,158.58,188.119.122.228,LHR
57.128.179.111,8443,15.29,146.57,186.24,57.128.179.111,LHR
57.128.182.234,443,15.21,145.61,147.62,57.128.182.234,LHR
57.129.137.93,443,15.09,145.89,161.36,57.129.137.93,LHR
57.128.183.143,443,14.98,139.99,148.77,57.128.183.143,LHR
57.129.137.230,8443,14.75,139.49,159.22,57.129.137.230,LHR
57.128.176.82,8443,14.69,141.01,152.35,57.128.176.82,LHR
57.128.182.61,8443,14.68,147.52,169.09,57.128.182.61,LHR
57.128.176.87,8443,14.66,145.59,161.16,57.128.176.87,LHR
57.128.183.225,443,14.63,143.7,151.64,57.128.183.225,LHR
57.129.137.240,443,14.61,140.28,143.3,57.129.137.240,LHR
57.129.137.51,443,14.19,141.39,148.78,57.129.137.51,LHR
57.128.183.40,8443,14.12,143.55,166.19,57.128.183.40,LHR
91.199.32.61,443,13.87,139.74,151.37,91.199.32.61,LHR
57.128.182.234,8443,13.86,148.05,151.87,57.128.182.234,LHR
57.128.176.90,8443,13.67,139.69,158.44,57.128.176.90,LHR
146.19.230.133,443,13.55,149.84,162.22,146.19.230.133,LHR
57.128.177.218,443,13.44,148.18,173.62,57.128.177.218,LHR
57.128.179.254,443,12.9,136.54,150.07,57.128.179.254,LHR
57.128.176.90,443,12.61,143.58,160.77,57.128.176.90,LHR
57.129.137.208,8443,12.55,147.95,150.7,57.129.137.208,LHR
57.129.137.69,8443,12.4,145.53,153.47,57.129.137.69,LHR
57.128.182.61,443,12.37,139.61,144.35,57.128.182.61,LHR
57.129.137.67,443,12.31,133.83,145.1,57.129.137.67,LHR
57.129.137.228,443,11.95,133.98,142.19,57.129.137.228,LHR
94.156.180.27,443,11.76,170.54,267.83,94.156.180.27,LHR
57.129.137.243,443,11.67,146.79,147.05,57.129.137.243,LHR
57.129.137.51,8443,11.62,150.92,165.78,57.129.137.51,LHR
57.128.183.35,443,11.61,144.71,152.94,57.128.183.35,LHR
57.128.183.196,443,11.58,137.02,163.82,57.128.183.196,LHR
57.128.177.176,8443,11.18,139.14,150.48,57.128.177.176,LHR
57.128.183.225,8443,11.15,138.43,143.97,57.128.183.225,LHR
57.128.177.176,443,10.95,140.83,147.97,57.128.177.176,LHR
57.128.179.254,8443,10.81,139.54,146.23,57.128.179.254,LHR
57.129.137.69,443,10.58,144.97,156.78,57.129.137.69,LHR
57.128.178.122,443,10.53,141.83,156.95,57.128.178.122,LHR
57.128.182.21,443,10.01,142.72,143.57,57.128.182.21,LHR
57.129.137.243,8443,9.99,147.36,145.66,57.129.137.243,LHR
57.129.137.236,443,9.89,143.34,151.96,57.129.137.236,LHR
57.128.179.9,443,9.69,145.3,152.23,57.128.179.9,LHR
57.129.137.67,8443,9.52,140.63,147.51,57.129.137.67,LHR
57.129.137.93,8443,9.17,155.82,177.41,57.129.137.93,LHR
57.129.137.228,8443,9.03,137.89,155.45,57.129.137.228,LHR
57.128.179.9,8443,8.94,141.25,151.75,57.128.179.9,LHR
57.128.183.138,8443,8.8,150.07,162.35,57.128.183.138,LHR
57.128.180.59,443,8.31,145.23,152.39,57.128.180.59,LHR
57.128.178.122,8443,7.22,136.26,139.55,57.128.178.122,LHR
57.128.182.21,8443,7.18,146.07,150.75,57.128.182.21,LHR
57.128.183.138,443,4.89,140.51,147.0,57.128.183.138,LHR
57.129.137.55,8443,3.67,144.77,170.11,57.129.137.55,LHR
151.243.101.49,443,3.49,147.01,139.75,151.243.101.49,LHR
57.128.177.185,8443,2.16,147.07,152.39,57.128.177.185,LHR
31.56.178.52,443,100.9,38.23,76.12,31.56.178.52,MCI
142.252.220.43,443,91.89,51.33,64.49,142.252.220.43,MIA
5.75.220.142,443,35.01,186.99,200.23,5.75.239.69,MRS
144.24.200.164,443,26.85,144.96,179.78,144.24.200.164,MRS
194.247.187.191,443,40.24,142.67,187.35,194.247.187.191,MXP
194.87.55.75,443,27.84,145.57,189.68,194.87.55.75,MXP
38.180.84.40,443,24.81,160.73,237.07,38.180.84.40,MXP
38.180.162.104,443,23.95,163.63,183.41,38.180.162.104,MXP
38.244.144.150,443,20.23,158.96,190.05,38.244.144.150,MXP
103.7.55.188,443,19.47,149.47,177.76,103.7.55.188,MXP
194.164.234.12,443,16.74,148.36,169.53,194.164.234.12,MXP
38.180.85.203,443,15.06,158.61,185.66,38.180.85.203,MXP
156.246.92.114,443,58.21,110.9,117.8,2602:fa4f:a30:3c6b:bce7:920d:bfbd:12c2,NRT
172.104.127.132,443,55.98,118.45,122.69,172.104.127.132,NRT
38.207.130.156,443,49.45,116.61,120.92,2a12:f8c1:50:2:99d5:673f:2064:f69f,NRT
138.3.214.171,443,48.39,109.28,128.81,138.3.214.171,NRT
103.106.0.123,443,48.2,178.26,141.75,103.106.0.123,NRT
191.96.29.86,443,46.37,141.57,143.46,191.96.29.86,NRT
153.126.211.25,443,44.73,241.01,293.02,153.126.211.25,NRT
45.76.107.78,443,43.95,115.05,142.86,45.76.107.78,NRT
140.238.51.35,443,43.93,179.09,175.26,140.238.51.35,NRT
47.79.145.54,443,37.23,117.51,132.15,240b:4009:25a:1802:0:3d01:c8a1:f4c3,NRT
109.123.231.212,2053,36.9,108.93,121.41,109.123.231.212,NRT
185.200.66.50,443,35.95,117.74,132.7,185.200.66.50,NRT
18.183.158.211,443,34.75,126.72,134.84,18.183.158.211,NRT
158.101.145.82,443,34.52,180.79,134.71,158.101.145.82,NRT
109.123.231.212,443,34.31,120.51,123.91,109.123.231.212,NRT
3.113.112.119,443,33.84,109.61,120.05,3.113.112.119,NRT
43.170.8.95,443,32.47,109.31,112.31,43.175.19.186,NRT
74.113.96.217,443,32.13,112.65,122.94,2602:fd6f:110::26,NRT
8.219.155.125,443,32.12,189.88,338.28,8.221.173.54,NRT
160.191.40.242,443,31.86,116.23,125.36,2401:b60:37:30d3::,NRT
155.248.181.189,443,30.85,112.31,128.31,155.248.181.189,NRT
158.51.109.180,443,30.69,113.44,119.18,158.51.109.180,NRT
103.29.68.232,443,28.59,111.77,117.12,2400:8902::2000:12ff:feac:c127,NRT
45.76.203.234,443,28.11,124.06,128.56,45.76.107.78,NRT
38.47.109.165,443,27.43,116.89,129.27,2a12:f8c1:50:3::561,NRT
142.91.108.54,443,26.87,115.6,116.1,2401:d560:0:107:1c00:36ff:fe00:40e,NRT
82.40.47.126,443,26.67,112.64,129.44,2a13:edc0:21:706a:144e:ea54:df53:d049,NRT
202.144.192.32,443,25.96,120.54,156.64,2402:c480:3000:1514:1c00:c8ff:fe00:596,NRT
43.133.216.147,443,25.78,169.93,239.64,43.133.216.147,NRT
38.47.104.110,443,25.22,111.59,126.3,2a12:f8c1:50:4::c80,NRT
13.230.34.30,443,25.16,115.76,121.23,13.230.34.30,NRT
8.216.5.125,2083,24.53,121.33,140.94,8.216.5.125,NRT
8.216.5.125,443,24.02,132.1,152.3,8.216.5.125,NRT
23.151.104.39,443,23.59,108.91,134.62,2602:f92a:230:2600::a,NRT
8.216.5.125,2053,23.56,174.48,160.28,8.216.5.125,NRT
82.40.47.114,443,23.26,110.14,115.83,82.40.47.114,NRT
54.199.149.209,443,22.6,109.59,116.9,2406:da14:925:a00:287f:cdc2:f7ef:8433,NRT
172.105.240.40,443,22.37,112.08,114.2,2400:8902::f03c:92ff:fe59:8612,NRT
168.138.212.80,443,22.35,118.19,119.02,168.138.212.80,NRT
3.112.21.102,443,22.17,116.34,128.31,3.112.21.102,NRT
8.216.5.125,2096,21.72,151.43,151.45,8.216.5.125,NRT
38.47.105.38,443,21.63,112.7,124.39,2a12:f8c1:50:4::6d7,NRT
34.84.24.166,443,21.42,116.82,164.27,34.153.201.30,NRT
45.66.128.126,443,21.28,119.67,130.0,45.66.128.126,NRT
161.33.190.243,443,20.8,112.23,116.49,161.33.190.243,NRT
205.209.9.25,443,20.61,108.07,123.27,2001:19f0:7002:c1:5400:4ff:fedd:b187,NRT
153.121.45.101,443,20.48,109.0,116.11,153.121.45.101,NRT
172.105.203.52,443,19.44,112.78,147.01,2400:8902::2000:8cff:fe2c:d90,NRT
45.32.55.253,443,18.8,108.99,125.82,45.32.55.253,NRT
8.219.195.31,443,18.36,191.46,305.3,8.221.172.5,NRT
38.47.126.125,443,17.12,113.13,143.83,2a12:f8c1:50:4::97a,NRT
8.222.185.236,443,16.27,184.9,315.67,8.221.173.54,NRT
8.216.5.125,8443,14.93,166.0,164.77,8.216.5.125,NRT
8.216.5.125,2087,13.83,239.38,160.47,8.216.5.125,NRT
134.122.194.186,443,12.22,158.66,151.64,134.122.194.186,NRT
155.248.163.243,443,11.04,109.21,119.2,2603:c021:8016:1a3c:0:a944:3947:91dc,NRT
141.147.185.63,443,9.66,138.05,179.71,141.147.185.63,NRT
38.47.126.220,443,8.05,116.23,141.57,2a12:f8c1:50:4::522,NRT
101.36.105.226,443,3.16,134.49,136.01,101.36.105.226,NRT
149.28.21.106,443,2.67,110.94,127.35,149.28.21.106,NRT
158.51.109.181,443,1.56,155.5,170.41,158.51.109.181,NRT
45.135.160.57,443,1.16,131.32,154.56,45.135.160.57,NRT
64.181.218.67,443,114.66,58.61,61.08,64.181.218.67,ORD
192.210.235.107,443,33.63,48.1,71.97,192.210.235.107,ORD
38.244.204.106,443,6.74,55.51,91.41,38.244.204.106,ORD
107.174.42.185,443,105.96,9.12,87.24,107.174.42.185,PHX
74.48.134.194,443,99.46,14.41,58.53,74.48.134.194,PHX
31.57.155.57,443,94.13,23.35,70.2,23.226.67.186,PHX
31.57.155.193,443,34.58,25.89,51.01,23.226.67.171,PHX
104.129.59.249,443,28.53,10.18,47.39,104.129.59.249,PHX
92.118.170.191,443,23.92,169.63,177.28,92.118.170.191,RIX
45.142.215.242,443,20.52,172.1,222.84,45.142.215.242,RIX
185.242.106.215,443,19.34,165.45,195.26,185.242.106.215,RIX
138.124.182.204,443,18.98,164.23,168.28,138.124.182.204,RIX
185.113.139.99,443,17.32,158.28,161.34,185.113.139.99,RIX
216.173.68.144,443,17.17,158.84,184.22,216.173.68.144,RIX
94.158.219.94,443,15.86,157.13,175.52,94.158.219.94,RIX
62.76.239.244,443,15.52,191.97,223.9,62.76.239.244,RIX
195.135.254.64,8443,14.33,160.23,171.39,195.135.254.64,RIX
195.135.255.199,443,13.74,161.01,177.92,195.135.255.199,RIX
85.31.102.163,443,13.05,155.61,168.86,85.31.102.163,RIX
185.242.107.169,443,12.98,158.44,171.81,185.242.107.169,RIX
37.128.207.96,443,10.95,159.83,171.03,37.128.207.96,RIX
176.120.67.53,443,10.76,175.55,181.92,176.120.67.53,RIX
195.135.254.64,443,10.68,160.35,177.41,195.135.254.64,RIX
91.197.1.119,443,10.39,155.14,163.38,185.214.96.89,RIX
45.142.215.242,8443,9.9,166.52,219.82,45.142.215.242,RIX
138.124.182.174,443,8.38,158.39,173.77,138.124.182.174,RIX
45.142.215.61,443,7.06,170.91,175.93,45.142.215.61,RIX
62.76.239.66,443,5.99,173.78,218.32,62.76.239.66,RIX
185.176.220.157,443,3.07,155.21,166.83,185.176.220.157,RIX
185.113.139.65,443,1.72,154.48,165.75,185.113.139.65,RIX
23.94.43.51,443,155.1,34.17,76.85,23.94.43.51,SEA
23.94.211.148,443,143.73,33.6,67.05,23.94.211.148,SEA
35.230.79.26,443,135.51,38.47,60.83,35.212.219.188,SEA
212.192.15.182,443,31.69,178.18,255.58,2605:e440:15::35e,SIN
138.2.64.229,443,25.61,189.5,230.56,138.2.64.229,SIN
168.138.185.234,443,24.77,187.61,252.1,168.138.185.234,SIN
45.76.152.246,443,24.7,182.77,291.45,139.180.208.63,SIN
188.239.9.91,443,23.88,190.94,192.47,188.239.9.91,SIN
34.92.187.216,443,21.84,157.64,258.32,34.143.159.175,SIN
139.180.140.39,443,21.72,182.23,203.93,139.180.140.39,SIN
217.60.248.66,443,16.73,185.01,240.65,217.60.248.66,SIN
160.22.79.230,443,16.09,181.96,209.26,160.22.79.230,SIN
47.82.155.79,8443,15.68,186.64,198.69,47.82.155.79,SIN
45.77.255.153,8443,14.42,185.38,187.68,45.77.255.153,SIN
45.77.255.153,443,14.39,185.2,207.17,45.77.255.153,SIN
178.128.80.43,443,13.59,176.29,183.05,178.128.80.43,SIN
139.180.208.63,443,12.2,190.19,206.38,139.180.208.63,SIN
43.163.90.17,443,11.92,187.61,195.09,43.163.90.17,SIN
104.250.118.76,443,11.4,179.05,200.63,104.250.118.76,SIN
43.160.195.223,443,10.78,182.04,186.95,43.160.195.223,SIN
43.134.87.15,443,10.45,180.37,187.76,43.134.87.15,SIN
167.99.73.22,443,10.19,185.54,195.84,167.99.73.22,SIN
43.134.174.114,443,9.66,182.43,195.55,43.134.174.114,SIN
43.160.251.110,443,9.56,208.98,193.59,43.160.251.110,SIN
178.128.86.3,443,9.32,184.04,203.62,178.128.86.3,SIN
161.118.213.45,443,9.25,184.1,184.83,161.118.213.45,SIN
38.180.9.42,443,9.24,214.19,211.71,38.180.9.42,SIN
157.230.244.86,443,8.41,184.58,189.22,157.230.244.86,SIN
47.82.155.79,2053,8.27,180.96,193.07,47.82.155.79,SIN
149.28.159.222,443,8.05,180.22,185.88,149.28.159.222,SIN
206.206.77.97,443,7.76,181.18,181.73,206.206.77.97,SIN
101.32.116.73,443,7.32,185.15,197.66,101.32.116.73,SIN
160.22.79.179,443,7.27,180.41,184.82,160.22.79.179,SIN
34.143.159.175,443,7.01,177.77,184.4,34.143.159.175,SIN
5.223.61.71,443,6.72,183.22,193.26,5.223.61.71,SIN
104.248.145.216,443,6.3,181.53,208.86,104.248.145.216,SIN
168.138.165.174,443,6.13,182.03,180.8,168.138.165.174,SIN
139.59.239.116,443,4.95,177.45,184.49,139.59.239.116,SIN
47.82.155.79,443,1.05,182.05,200.62,47.82.155.79,SIN
8.220.134.136,443,1.04,223.93,304.06,8.220.134.136,SIN
147.182.229.237,443,288.25,17.27,23.62,147.182.229.237,SJC
107.173.87.103,443,265.06,21.6,336.01,107.173.87.103,SJC
107.172.212.186,443,215.6,27.02,37.39,107.172.212.186,SJC
47.88.15.127,443,197.7,18.4,36.32,47.88.15.127,SJC
172.245.53.232,443,153.78,20.79,39.27,172.245.53.232,SJC
192.227.167.44,443,151.47,19.44,63.27,192.227.167.44,SJC
174.137.61.42,443,97.19,20.38,30.1,174.137.61.42,SJC
107.174.92.250,443,89.0,23.76,38.39,107.174.92.250,SJC
192.3.134.177,443,69.38,20.45,32.58,192.3.134.177,SJC
64.188.27.145,443,47.96,70.38,54.19,64.188.27.145,SJC
165.1.66.231,443,41.09,18.19,27.31,2a09:bac5:6213:1232::1d0:6a,SJC
64.181.255.215,443,38.09,15.98,20.76,64.181.255.215,SJC
64.181.227.82,443,28.94,42.57,36.17,64.181.227.82,SJC
159.60.146.82,443,5.57,18.8,36.82,84.54.61.106,SJC
128.199.0.28,443,5.32,28.57,24.52,128.199.0.28,SJC
152.67.125.174,443,30.35,177.46,157.26,152.67.125.174,SYD
34.80.251.171,443,35.49,140.91,158.02,34.80.251.171,TPE
140.235.39.192,443,27.65,144.09,141.95,2a12:bec0:162:4f6::,TPE
114.33.57.170,443,22.84,157.37,173.65,2001:b011:e607:39a6::5e0,TPE
43.212.202.45,443,21.17,151.07,158.5,43.212.202.45,TPE
103.3.26.26,443,15.74,169.73,181.66,113.21.214.42,TPE
43.213.148.173,443,14.08,143.38,149.97,43.212.202.45,TPE
125.228.236.138,443,10.43,149.07,180.05,2001:b011:2005:7c57:ba27:ebff:fe04:461a,TPE
217.154.94.41,443,14.83,161.84,162.82,2a01:239:3bf:dd00::1,TXL
46.8.113.12,443,19.81,145.28,192.22,46.8.113.12,VIE
46.32.187.124,443,42.54,179.7,200.87,46.32.187.124,VNO
5.34.211.150,443,40.57,156.82,187.79,5.34.211.150,VNO
91.197.0.63,443,40.49,183.72,179.81,91.197.0.63,VNO
188.253.22.220,443,37.45,180.08,210.93,188.253.22.220,VNO
195.135.254.201,443,36.38,163.14,202.55,195.135.254.201,VNO
195.135.254.197,443,28.13,156.8,178.39,195.135.254.197,VNO
188.253.22.180,8443,18.6,154.43,189.91,188.253.22.180,VNO
37.128.207.179,443,18.51,187.08,230.02,37.128.207.179,VNO
185.22.172.236,443,17.83,158.58,185.4,185.22.172.236,VNO
91.197.0.100,443,17.17,155.01,185.03,91.197.0.100,VNO
5.34.208.204,443,17.16,154.89,188.65,5.34.208.204,VNO
188.253.22.180,443,17.15,155.9,196.09,188.253.22.180,VNO
37.128.205.47,443,16.24,166.07,187.1,37.128.205.47,VNO
45.43.76.107,443,14.72,155.01,179.52,45.43.76.107,VNO
77.73.71.196,443,14.42,166.39,196.14,77.73.71.196,VNO
37.128.204.228,443,14.31,159.8,202.2,37.128.204.228,VNO
91.197.3.37,443,13.39,165.08,193.16,91.197.3.37,VNO
188.253.23.98,443,12.32,178.36,198.67,188.253.23.98,VNO
212.6.44.232,443,12.26,156.51,184.72,212.6.44.232,VNO
94.158.219.126,443,12.08,155.08,180.99,94.158.219.126,VNO
46.32.184.50,443,11.37,162.12,186.71,46.32.184.50,VNO
46.32.187.115,443,10.75,159.92,185.35,46.32.187.115,VNO
46.32.186.178,443,9.31,161.05,247.55,46.32.186.178,VNO
195.135.252.244,443,6.62,158.37,185.66,195.135.252.244,VNO
31.169.126.240,443,42.78,165.47,171.6,31.169.126.240,WAW
91.108.250.177,443,27.25,176.5,188.41,91.108.250.177,WAW
45.145.6.37,443,26.55,159.4,301.08,45.145.6.37,WAW
45.15.126.160,443,25.3,165.56,167.17,45.15.126.160,WAW
70.34.243.123,443,23.23,169.28,172.88,70.34.243.123,WAW
193.124.41.203,443,22.54,164.11,210.81,193.124.41.203,WAW
151.241.227.21,443,21.07,152.03,178.5,151.241.227.21,WAW
138.124.20.93,443,20.66,168.31,271.12,138.124.20.93,WAW
144.31.4.243,443,20.62,181.42,163.81,144.31.4.243,WAW
51.75.32.106,443,20.56,172.43,182.25,217.182.79.55,WAW
217.177.45.178,443,19.69,159.45,184.57,217.177.45.178,WAW
2.56.125.59,443,19.26,156.11,171.74,2.56.125.59,WAW
31.169.126.65,443,19.01,156.11,160.08,31.169.126.65,WAW
54.36.186.141,443,18.16,165.57,182.69,54.36.186.141,WAW
77.83.246.88,443,18.07,147.7,172.95,77.83.246.88,WAW
212.192.11.208,443,17.89,152.82,157.01,212.192.11.208,WAW
185.253.45.68,443,17.75,173.57,188.06,185.253.45.68,WAW
91.239.148.34,443,16.69,161.24,192.78,91.239.148.34,WAW
212.192.11.200,443,15.66,179.24,205.85,212.192.11.200,WAW
45.43.137.179,443,15.06,151.38,156.51,45.43.137.179,WAW
147.135.209.171,443,14.97,182.29,166.1,147.135.209.171,WAW
91.239.148.53,443,14.37,162.6,186.77,91.239.148.53,WAW
51.38.132.136,443,14.18,186.54,206.37,51.38.132.136,WAW
192.124.180.156,443,14.05,161.95,169.41,192.124.180.156,WAW
191.101.184.50,443,14.04,152.05,168.2,191.101.184.50,WAW
31.169.126.130,443,13.79,146.66,151.78,31.169.126.130,WAW
62.192.174.31,443,13.0,174.67,191.04,62.192.174.31,WAW
31.169.126.66,8443,12.74,158.0,172.39,31.169.126.66,WAW
217.182.79.55,443,12.26,164.63,181.07,217.182.79.55,WAW
139.28.97.134,443,12.22,157.3,165.35,139.28.97.134,WAW
217.30.10.55,2087,11.71,164.67,212.74,217.30.10.55,WAW
91.204.75.100,443,11.29,170.79,205.43,91.204.75.100,WAW
188.116.40.37,443,11.1,156.08,186.04,188.116.40.37,WAW
138.124.19.10,443,11.01,158.98,165.06,138.124.19.10,WAW
91.239.148.133,443,10.94,162.11,178.67,91.239.148.133,WAW
146.59.18.234,443,10.04,180.05,191.2,54.36.186.141,WAW
31.169.126.66,443,9.91,156.71,170.66,31.169.126.66,WAW
217.182.79.55,8443,9.76,169.57,193.26,217.182.79.55,WAW
31.128.32.98,443,8.93,156.98,178.44,31.128.32.98,WAW
103.167.234.26,443,8.82,153.25,163.9,103.167.234.26,WAW
82.40.38.216,443,8.66,163.68,154.94,82.40.38.216,WAW
51.75.32.106,8443,7.91,160.86,190.79,217.182.79.55,WAW
2.56.125.126,443,7.77,164.55,172.56,2.56.125.126,WAW
45.149.63.149,443,7.72,163.7,169.44,45.149.63.149,WAW
91.108.237.23,443,7.58,162.82,176.84,91.108.237.23,WAW
94.103.0.67,443,7.05,159.74,166.09,94.103.0.67,WAW
151.244.111.47,443,6.38,173.88,188.45,151.244.111.47,WAW
89.232.177.26,443,5.74,197.22,249.2,89.232.177.26,WAW
146.59.94.159,443,5.36,168.93,167.64,146.59.94.159,WAW
64.176.68.73,443,4.55,163.37,167.8,64.176.68.73,WAW
91.108.249.8,443,3.71,215.01,181.97,91.108.249.8,WAW
107.172.190.151,443,86.77,70.76,102.56,107.172.190.151,YYZ
107.173.248.16,443,41.6,76.14,170.48,107.173.248.16,YYZ
192.3.209.49,443,38.79,65.84,150.39,192.3.209.49,YYZ
107.174.70.130,443,34.03,71.33,181.68,107.174.70.130,YYZ
83.228.193.229,8443,42.69,179.9,203.81,83.228.193.229,ZRH
94.131.12.56,443,41.67,144.57,153.29,94.131.12.56,ZRH
141.227.139.220,443,36.99,149.9,184.26,141.227.139.220,ZRH
91.245.225.69,443,34.32,154.7,260.26,91.245.225.69,ZRH
91.245.225.17,443,27.6,175.06,198.59,91.245.225.17,ZRH
83.228.193.162,8443,24.58,143.99,160.43,83.228.193.162,ZRH
83.228.193.229,443,24.24,177.57,182.8,83.228.193.229,ZRH
84.234.17.132,8443,23.54,165.33,208.84,84.234.17.132,ZRH
152.67.85.239,443,22.22,155.66,163.24,152.67.85.239,ZRH
84.234.17.132,443,20.47,160.46,177.93,84.234.17.132,ZRH
83.228.193.162,443,19.72,147.32,164.36,83.228.193.162,ZRH
84.234.16.169,443,18.99,148.65,163.4,84.234.16.169,ZRH
140.238.209.8,443,16.63,158.17,176.29,140.238.209.8,ZRH
5.182.36.39,443,16.58,142.02,166.41,5.182.36.39,ZRH
45.59.114.151,443,16.4,148.96,162.68,45.59.114.151,ZRH
84.234.16.169,8443,15.78,147.94,173.57,84.234.16.169,ZRH
94.131.12.15,443,15.59,152.42,156.45,94.131.12.15,ZRH
83.228.193.188,8443,13.47,144.59,160.86,83.228.193.188,ZRH
140.238.208.210,443,13.19,153.46,174.59,140.238.208.210,ZRH
83.228.193.188,443,12.21,155.19,170.29,83.228.193.188,ZRH
152.67.64.55,443,11.98,157.41,160.51,152.67.64.55,ZRH
83.228.198.53,443,11.15,145.79,168.07,83.228.198.53,ZRH
107.189.30.77,443,10.75,155.61,201.17,107.189.30.77,ZRH
83.228.193.177,8443,9.4,150.57,170.08,83.228.193.177,ZRH
83.228.193.177,443,7.54,156.34,170.22,83.228.193.177,ZRH
94.131.3.4,443,6.16,152.38,160.61,94.131.3.4,ZRH
194.156.102.142,443,6.1,254.37,262.16,194.156.102.142,ZRH
82.38.64.162,443,4.23,157.62,165.55,82.38.64.162,ZRH
45.95.232.241,443,3.21,245.62,253.03,45.95.232.241,ZRH
193.228.128.110,443,2.67,253.8,260.45,193.228.128.110,ZRH
171.22.16.253,443,2.58,277.22,271.27,171.22.16.253,ZRH
87.120.222.199,443,2.3,258.38,260.35,87.120.222.199,ZRH
45.143.200.135,443,2.28,256.97,251.78,45.143.200.135,ZRH
45.143.200.141,443,2.27,260.94,263.41,45.143.200.141,ZRH
45.148.102.70,443,2.25,269.53,275.21,45.148.102.70,ZRH
87.120.222.168,443,2.16,262.51,269.51,87.120.222.168,ZRH
45.143.200.19,443,2.08,274.19,314.85,45.143.200.19,ZRH
167.17.181.72,443,1.88,257.74,270.06,167.17.181.72,ZRH
213.176.18.42,443,1.83,246.07,268.9,213.176.18.42,ZRH
45.143.200.245,443,1.76,258.17,266.82,45.143.200.245,ZRH
167.17.181.45,443,1.66,263.0,263.95,167.17.181.45,ZRH
45.143.200.82,443,1.58,250.36,258.47,45.143.200.82,ZRH
45.143.200.162,443,1.3,257.99,262.55,45.143.200.162,ZRH
